Input_current,Output_voltage,Input_voltage,Duty_Cycle,Power,Irradiance,Temperature
6.81867146807833,58.3732435750573,29.7825797110695,0.485,212.118654821354,1000,25
7.20600415619153,57.9951482849416,28.0790991058258,0.513,210.170607561647,1000,27
7.65124183497201,59.3179526473163,27.5505312463945,0.537,220.197268379748,1048,27
7.03087026033744,60.6202145954752,31.0175513329798,0.483,228.78052876138,1048,17
4.05419600511513,45.7447409988565,30.7882075429292,0.325,130.447697942146,588,17
4.19887178415273,44.8985156924237,28.6345079251795,0.361,125.998914130348,588,26
7.61682269238486,59.751990967525,28.2812843907515,0.529,222.953117556592,1059,26
7.40382036626257,61.0565204303103,30.3699718905615,0.501,232.307596021034,1059,15
2.34392447155619,34.0401475928815,30.0864039391639,0.117,72.4482730910966,324,15
2.32225329095966,31.6026223106126,25.9960399355729,0.179,62.3627657468219,324,49
4.60324868906218,44.9796394813709,26.3530294333876,0.417,126.22014828148,653,49
4.45339656042005,44.9241446352307,26.8045752402605,0.403,125.795720758721,653,50
6.25495645616171,51.3773455288675,25.3757401450957,0.503,164.819915365666,861,50
5.92290280603375,52.7307186190822,27.977783319802,0.465,173.217430322606,861,39
6.37390208589696,52.6650816053298,25.8465234601888,0.507,173.680866876989,863,39
5.75612385488462,55.5046141266202,31.6754422672894,0.431,192.116036410504,863,14
4.88755392204271,50.3679518826344,31.117682003358,0.385,158.273761820224,708,14
4.77224222197129,49.9473127370512,30.9533297954408,0.377,155.497588721884,708,19
5.28654044373527,52.6707967910424,31.0340120267441,0.411,172.992335159188,790,19
5.78833323738098,49.3656157191798,25.2063928649466,0.487,152.464968905379,790,49
6.42340880885942,52.5060763090782,25.8832022957197,0.505,171.862841783187,897,49
6.32625299924485,54.9891988471257,28.7565921612853,0.475,188.498278069014,897,28
6.54513434552246,56.2685186349801,29.087934245292,0.487,197.43212710356,941,28
6.58357127758452,53.3357965613943,25.9949374656384,0.517,177.394284189893,941,52
4.0959049414413,41.7129421929703,25.4060591510014,0.389,108.572062246731,569,52
3.93419582817222,45.0654580087365,30.8910444344673,0.315,126.711587226202,569,16
5.32979846501051,51.6463452010005,29.9128557333363,0.419,166.67123928875,751,16
5.17915086216762,48.7001715297854,27.2293495813654,0.437,147.730717627923,751,45
6.97085083291554,55.4868885596077,26.573857829146,0.517,191.633141331417,985,45
6.60231052325774,58.6460675518698,30.84356566828,0.469,214.14987669474,985,19
5.30869496328479,52.0448867834107,30.4901429499724,0.411,168.837634918603,771,19
5.23737856781926,50.9254914039262,29.3912281093086,0.419,161.638755205065,771,30
4.94460207814508,48.7759399695564,28.8606679080986,0.411,148.415629295262,707,30
4.76054134377867,49.0903689230482,29.9661284475906,0.391,150.307438656366,707,27
6.81547162347158,57.6441842905377,29.2156110258032,0.489,206.836172556689,983,27
7.3628263715697,53.7152994805186,23.4228031456828,0.561,180.883535745742,983,57
6.30071009886856,50.0859045337307,23.7555173594475,0.523,157.08750622097,847,57
6.05659213805239,50.7143208862504,25.5811675184939,0.493,160.300570158363,847,52
2.70220920721063,34.2650511260615,25.9478837866686,0.241,73.2861357141655,385,52
2.733284414801,35.0873390787244,27.0147809044647,0.231,76.8099433923161,385,42
5.09919010766837,47.3733498410399,26.3684545325374,0.445,140.204191334334,702,42
5.19542541135598,46.039488838976,24.2352782828368,0.471,132.684118120081,702,54
2.31107157916628,30.785710414994,24.4752879947836,0.205,59.2409551535829,315,54
2.2376552184789,33.1523483607194,30.0981879123391,0.0929999999999996,68.6089996361611,315,21
4.67964613539538,47.8014890122063,29.0628814971654,0.391,142.949149258628,654,21
4.39966890480602,48.5735256364421,31.7765118797261,0.343,147.13048026288,654,13
7.14714459227752,60.3917395380534,30.7505413855824,0.493,227.31188320188,1026,13
7.51494784803503,56.5562000518934,25.6654172086736,0.543,199.925216416777,1026,44
2.35883746444329,32.5294540683826,27.0469186667687,0.171,66.0786100083587,335,44
2.35720439974887,33.0526690345407,28.0141374807118,0.155,68.2192417873976,335,37
7.55040343134926,58.3274989012373,27.2611391132886,0.535,212.099098613859,1057,37
7.22186330594806,58.5667150799028,28.3115414193217,0.511,213.448584251676,1057,36
3.18270983435552,38.2664281042162,27.5205331444312,0.281,91.303253071509,444,36
3.08106410943248,39.3140567195531,29.9628795654889,0.235,96.3216728476675,444,23
4.07684662949177,45.5420524163954,30.2566043986687,0.337,129.197552247335,596,23
4.21171222569364,42.6325316785665,25.7695266679851,0.393,113.186030278821,596,53
3.26180028556509,37.6115693206104,25.8694919124877,0.313,88.1320915842967,464,53
3.25847810819483,37.7917281080158,26.1559997983051,0.309,88.9853338102835,464,51
2.6383529322225,33.9704345095839,26.1607091908684,0.231,71.9174714001469,376,51
2.62310876864245,37.053063906755,31.6882109040144,0.145,85.6498351039722,376,10
4.60828719587627,48.5332639266718,30.3825851444506,0.375,147.291546922009,646,10
4.57899608290692,46.2771984248096,27.9913459813387,0.393,133.563304679878,646,34
3.58010445505897,41.6401536764622,28.7660042481982,0.307,108.154022248304,522,34
3.66449954528973,39.3794634474264,25.2297365367186,0.357,96.7277039018227,522,58
2.71479250988818,33.5285935164422,24.8390313163035,0.261,70.1795959625084,380,58
2.73784135532172,35.5506242179622,27.5974637201769,0.223,79.0429078979685,380,33
4.81064391210055,48.1877363017245,28.8316528390822,0.405,144.881593667027,699,33
4.96857952435652,46.0859574706331,25.6356205011399,0.441,132.430623603451,699,53
3.60154383907987,38.6502424975045,24.538001734419,0.363,93.4815657673539,491,53
3.37395135166467,40.1174694643856,28.3788889120579,0.295,100.415363538577,491,37
4.21418189794014,43.5966121623338,26.8650587255403,0.385,118.833031334946,580,37
3.99469466681111,44.0531679555153,28.9752830192435,0.345,121.099857386543,580,32
5.13196553217416,49.8966182492677,28.9684101624962,0.423,155.353859892467,747,32
5.31616959520535,51.9908766790795,30.2615098621905,0.417,169.126638675938,747,11
4.97566533781769,51.7413881273339,31.9896530577399,0.385,167.050585629549,739,11
5.29359621695092,49.298676125466,27.5412216864902,0.439,151.6381556897,739,35
4.35539305909364,45.8669868028098,28.7116684719541,0.377,131.23808818954,637,35
4.69651621397334,43.8913265416267,24.3545405100986,0.443,120.582776106787,637,54
4.33838471355616,42.9168605161018,25.4608014843221,0.409,114.912847144736,608,54
4.18169571678988,42.7241797008747,25.8773299520564,0.391,113.789206346116,608,56
4.31338635470967,42.5751358552461,25.1433651449787,0.407,113.002562162374,604,56
4.34647487554571,45.7142822259389,28.6249496136768,0.375,130.670620765991,604,24
3.75579030045926,42.5674021062066,28.6439466209557,0.327,113.394854285345,524,24
3.59898236847768,43.2570269571073,31.0234733434583,0.281,116.753536290424,524,16
3.04519137890824,39.8222760908933,31.1246018015921,0.217,98.991707205059,444,16
3.08360520234146,40.2864241215856,31.5510115852145,0.215,101.253250536866,444,10
2.77129960373221,38.2608881700856,31.8847993213064,0.169,91.4098223838943,401,10
2.78828915654144,37.0866950444444,29.6371825781067,0.203,85.8596313861783,401,26
2.22523088190271,32.6415435628202,29.2712006829175,0.105,66.5530164095666,312,26
2.21375683135412,31.8737112611875,27.8373252921027,0.125,63.4341158717916,312,37
6.54700010529819,54.1040143207043,26.8505426174422,0.501,182.937992890755,903,37
6.46493890860373,52.3012755783752,25.5207415584493,0.509,170.48585711377,903,52
5.01473607020322,46.3305088806473,25.750208929844,0.447,133.87643355353,704,52
5.09549479222057,47.2038336017284,26.1892649318984,0.443,139.194102367348,704,44
6.06004899173747,52.5754912710019,27.2937754814787,0.485,172.396971368396,878,44
6.22799111530298,51.1346036883149,25.2668331124544,0.505,162.891300610035,878,56
6.68414916715324,51.9250883718824,24.2902030664166,0.529,168.509090439149,909,56
6.71582677600163,52.9788993212413,25.0394317072487,0.529,175.625934322284,909,48
3.74104716824173,40.0592211789095,25.5439943773849,0.361,100.353606193146,515,48
3.6517298661754,42.7434471770665,29.9389680054488,0.301,114.114827721268,515,18
3.14604935870427,40.1529200921931,30.7307528186643,0.235,100.650574186727,455,18
3.17695913483062,36.660494924955,25.2060386177183,0.315,83.8536703494295,455,59
2.46700595665161,32.1223229572951,24.9845728998152,0.221,64.375344452521,351,59
2.53902499835573,34.5939345887279,28.0714268345748,0.187,74.9040723804207,351,27
4.64616050234466,46.7372799810912,27.8602464438846,0.403,136.713065768483,640,27
4.55381568572762,45.4712608116368,27.2450910815474,0.403,129.013070015834,640,40
6.09173475883113,52.6251320374061,27.3039368897801,0.479,172.508082345537,862,40
6.12006808510289,51.7853720751111,26.3708767486699,0.493,167.177689090632,862,47
7.25989879157427,57.7792533372357,27.169495630375,0.525,207.731017229555,1082,47
7.92651582053192,56.6418604051453,24.522900998776,0.563,200.152245565551,1082,54
5.18669402154589,47.3601343835037,25.8222360298649,0.451,139.707431907273,741,54
5.14278282244599,50.2647668983296,29.3527723752031,0.413,157.404200203068,741,27
2.42980163768178,33.7940454697843,28.2752814086291,0.163,71.4024320050485,335,27
2.44728445240332,33.3847394206232,27.334573774435,0.181,69.6368673534957,335,33
5.44030441051201,50.4108800862536,28.0892371248727,0.445,158.548753283858,766,33
5.49847578465832,51.9652778804481,29.3211080159535,0.437,168.788490926293,766,18
3.57522842952203,43.0101835309042,30.8463578829308,0.281,115.413623061349,522,18
3.57664332601332,41.7389431168629,28.9190006376421,0.305,108.617857404829,522,33
5.01209120527326,49.4316713906174,28.9340611389262,0.411,152.274446781626,734,33
5.28176912015474,49.3783063403323,27.6878113153475,0.441,152.257266509111,734,33
4.74835168187157,46.6628627558443,27.2518863975844,0.415,136.286464095074,655,33
4.4791966934142,48.3202954893037,31.1161538082258,0.359,145.675215522578,655,16
2.81044497503839,37.4451399465689,29.8014491147197,0.205,87.7564971975423,393,16
2.84064294665588,35.4680613237866,26.542118455756,0.253,78.5936811512343,393,42
4.14375417060175,44.0164592353496,27.7349758050662,0.367,120.797771278143,604,42
4.37483916151962,42.6720196593949,24.9593912158449,0.417,113.688605175352,604,55
6.72645537784889,52.1356935688056,24.2932158459475,0.531,170.012764877695,912,55
6.33748244020271,55.153592131435,28.7383779574956,0.475,189.407250266362,912,31
7.24868467912188,58.4659325244551,28.4836224888678,0.517,213.129025940006,1035,31
7.30053691341137,60.051574059614,29.8165227332397,0.505,224.522344717454,1035,18
6.08897316968192,54.7376781074964,29.4947612322182,0.459,187.176580945647,854,18
5.96175824156635,54.0536783245644,29.396410933032,0.453,182.095652758453,854,25
7.62211234178664,60.32113520634,28.8566303900784,0.519,226.785070714177,1077,25
7.61209455577479,61.9013584458432,30.3205708461393,0.507,239.088147501395,1077,12
2.76736670899448,38.1332213163751,31.5699481225083,0.171,90.7498377392657,401,12
2.77059258526382,38.0482010674218,31.4008355133787,0.173,90.3770784456458,401,13
5.5729377439169,54.1817806647365,31.4049820189722,0.417,182.91545961879,817,13
5.68764207101568,54.3329831438037,31.1305318592181,0.425,183.92956328444,817,11
4.08150405597642,47.0748072988161,32.1265631633411,0.315,138.196739978029,609,11
4.38310527218769,44.5802232349876,27.1345837828364,0.393,124.132150719599,609,38
5.49910806972636,49.3616908626271,26.3029984324385,0.465,152.529425582602,750,38
5.51366864288423,49.3463725822265,26.2545824698488,0.469,152.382969635998,750,38
3.1667591134529,38.6588221911442,28.1097102361527,0.273,93.2611874557572,458,38
3.15537046067231,39.7303586667661,29.8533510682682,0.247,98.5131392600688,458,25
4.29931987672001,46.0322293525904,29.5164049206287,0.361,132.221284673955,615,25
4.3834851302852,43.7742633785868,26.2310194143122,0.403,119.552680260829,615,48
4.02335029121017,42.2570963966486,26.4807876073473,0.371,111.306324549052,572,48
3.94144751093912,42.6206349105987,27.4274315403012,0.359,113.339087033545,572,44
4.21375744805768,43.110887641677,26.4170265382879,0.389,116.053062134909,585,44
4.24218532762694,41.7852802368295,24.6052748609314,0.409,109.034716623585,585,57
4.29668734560357,42.2508490507265,24.8658272132441,0.409,111.341293798653,598,57
4.30675028903243,44.553377153479,27.5561034677743,0.383,124.008845965606,598,34
2.83437384242306,36.0606187445391,27.4871716219623,0.239,81.278258153712,392,34
2.74532227325756,35.8881086354047,28.1815267779319,0.217,80.4065435670706,392,36
5.05617193934182,47.9657190251112,27.2763314379573,0.433,143.691544929363,701,36
4.95580117816124,46.4869520606458,26.1247145674442,0.435,134.725236976127,701,50
6.73823418481647,53.9182153703405,26.0533709342317,0.521,181.257583357271,954,50
6.84935853109874,55.3339332244144,26.9799987453152,0.515,191.022677007547,954,39
4.0254892164863,43.2136500509202,27.7218207881835,0.357,116.503030601347,575,39
3.9513045352734,42.2537120360748,26.8226499668211,0.367,111.346101428161,575,49
4.92061176013931,46.5558378756717,26.3434143988914,0.431,135.009168122617,699,49
5.04513038404028,45.7396521859335,24.8931912427232,0.453,130.459512275893,699,56
2.85405560147568,34.4019049600908,24.8599028345941,0.279,73.9005284227851,395.5,56
2.75852486544778,37.4258805722905,30.4582434071915,0.185,87.4071381227516,398.5,20
5.1720854124592,51.5873699426045,30.6217891266295,0.403,165.879721050839,760,20
5.20719276711719,49.3711751540199,27.8647084511296,0.439,152.076384846818,760,41
5.00281839216207,47.8440657081616,27.3661982760456,0.425,142.61692838184,712,41
5.08012582276797,48.6434843743249,27.9704378913564,0.427,147.669191487278,712,33
4.02471003202841,44.1030831937739,28.8355165949651,0.349,121.381173712685,584,33
4.15990300754117,43.3605641109642,27.0179353431527,0.375,117.325125152049,584,41
7.33986274906617,56.0507027749069,25.5778873426988,0.545,196.761453028067,991,41
6.61934484533459,58.6915659110948,30.7744964064619,0.475,214.538822406728,991,20
4.07477271563967,44.958602003233,29.6981112135603,0.341,126.217934391711,575,20
4.11280822977927,42.7282486246565,26.5391724154039,0.377,113.940235331522,575,44
4.53933306725123,45.9611262980616,27.5532741399545,0.397,131.663024758475,665,44
4.71025591470131,49.2461431571605,30.745749660804,0.377,151.536792345555,665,10
3.36608583580057,42.3080779886711,31.8674187228552,0.249,111.745116641061,490,10
3.52664422814177,41.4254310349394,28.7848880728946,0.303,107.388749698445,490,21
6.16024880186322,56.3958727520921,30.6252068669206,0.459,198.301458775131,917,21
6.55715787086017,52.1745636019679,25.0815207242424,0.523,169.740775425254,917,56
3.73246084963462,39.4238056216092,24.9516470246865,0.369,97.0249019278125,518,56
3.61611632882844,40.0981990344077,26.4989084620987,0.337,100.295267043384,518,49
4.94476380587397,47.1976540508034,26.8186131763863,0.435,138.961739859329,720,49
4.9738689638513,48.5225290131703,28.2222315935524,0.415,146.754233273746,720,37
4.95508766992506,48.713146674463,28.4155873608362,0.413,147.888712438394,725,37
5.17807759678322,51.0862486666608,30.0404828149743,0.413,163.144870554564,725,13
6.89216084619348,59.6938733926895,30.9954999756377,0.477,221.909119082695,999,13
6.96022506756114,58.8960547539403,29.9285472535393,0.489,215.997266534065,999,20
7.31453117649426,60.2166536960249,29.9317240541282,0.507,226.074676059857,1051,20
7.53636143904694,61.4009963518614,29.9901859822964,0.513,235.702560049778,1051,10
2.41100579273805,35.1452862165926,31.3338867975321,0.111,77.1069969870651,339,10
2.40716983751003,31.5475568023178,24.8321058985354,0.213,62.1301170620164,339,59
8.17084761648813,55.9618770654841,22.9840390686616,0.591,196.405490810787,1084,59
7.80049422374121,56.9590949797485,25.2632858828169,0.557,202.237247502408,1084,52
5.68450942847331,49.5368433811369,25.9103011543801,0.475,152.89543034784,806,52
5.83001077830527,51.7848585887153,27.5801764336955,0.469,167.536442901408,806,32
2.49975397978231,34.5950654250594,28.7510025261349,0.169,74.6294672881116,358,32
2.61442800179296,32.3982999047167,24.0091728249198,0.259,65.4752061894576,358,60
3.41043365894633,37.1464735486814,24.0982271816376,0.349,86.0635357944907,469,60
3.26058865562136,38.0892980743165,26.4344581029367,0.303,90.3646784702992,469,50
4.02213678944883,42.6813071155978,26.7568561186526,0.371,113.370246716189,588,50
4.2797349931928,44.2137363528484,27.1011062754477,0.387,122.063893745361,588,34
4.48659163719142,46.1508914835634,28.3353390446981,0.383,132.63259890308,641,34
4.41630920911528,47.862064149802,30.9117032373352,0.351,142.631450149412,641,16
6.32152782622499,56.5762572018864,30.4784190120265,0.461,199.62027271008,907,16
6.59215963915014,56.1314335365138,28.4025142658866,0.493,197.193673610364,907,20
7.0634512085199,59.8653542994758,30.3117863286691,0.489,223.076380795338,1033,20
7.65415810597763,55.6752698994435,24.37637798834,0.559,194.016900058303,1033,52
5.81250418660093,49.4390125991986,25.3095268587245,0.485,152.415474907311,804,52
5.52969199039516,52.4233349414548,29.6421330266922,0.431,171.21107413556,804,26
7.71963667008287,59.9118866702214,27.9717845064128,0.535,224.37302748599,1065,26
7.58525708437166,57.1658778276734,26.140478238894,0.547,203.709420508664,1065,47
6.49394368230328,52.9650799564385,26.025466260316,0.505,174.830661370455,904,47
6.51007799494982,56.2541924057873,28.9811797700155,0.483,198.016536567084,904,18
5.13301613404221,50.458203823577,29.6924807888789,0.413,159.016296665461,721,18
5.12942242674562,47.446198145275,26.3519985910368,0.443,140.392049147393,721,47
7.00998540264065,55.0587298178644,26.1031975136611,0.525,188.746734158915,980,47
6.94151658121495,59.2171736672172,30.3915552560656,0.489,218.987273008987,980,12
6.62613292773712,58.4050867530006,30.9499118909474,0.467,212.640893207103,953,12
6.5028743184326,54.4567506405121,27.1679749923763,0.505,184.864279701478,953,46
2.83329248610083,35.6613296039829,26.863590876569,0.249,79.3737838452709,405,46
2.90527902354565,38.0250359506619,29.5380970275629,0.221,90.4913384828712,405,16
6.30898133042755,56.6394306513564,30.608625666062,0.463,200.112129421281,909,16
6.61711483340665,51.445370104001,24.1382320713116,0.527,165.002003623127,909,60
5.85247446325221,48.2110367429146,23.8630851089983,0.507,145.294368486089,794,60
5.37418424787096,50.5977621281326,28.1620517119079,0.439,159.532559906482,794,40
4.35105654942496,44.6867993447287,27.509732052018,0.387,124.56947512989,618,40
4.3131449740158,46.3225571114522,29.8032509220624,0.359,133.895339620153,618,23
7.08310480969811,57.7241533226602,27.947575322432,0.513,208.64558066737,973,23
6.99519565597969,56.6891707324902,27.6567420323859,0.509,200.605831146254,973,32
2.32701293088217,33.1861965821839,28.6855605934915,0.137,68.692277437248,330,32
2.33993405775519,31.2975041780663,25.1549968514918,0.197,61.0611661858473,330,57
2.62936789186076,33.5200102201838,25.4206292281971,0.241,70.0009420152772,377,57
2.65289878432489,35.299012268251,28.1453562986374,0.201,77.6371605636972,377,35
7.63688352498863,58.6064648054883,27.1613052956806,0.533,214.31102442267,1059,35
7.66329581036483,61.2791195120011,29.17563863802,0.523,235.036988629391,1059,13
4.21927505133048,47.1782675449299,31.46020390221,0.331,138.838299151076,617,13
4.42735761430325,44.3594907598509,26.5719914703015,0.399,122.847326832999,617,43
5.08014618671142,48.0954334032751,27.2079265826394,0.431,144.089498677636,726,43
5.10577302574938,49.2048787617405,28.4751976614491,0.423,151.017287208959,726,32
6.99491243323179,58.156035726995,28.832693684819,0.499,210.50033542516,1023,32
7.32498609061962,59.8072905340661,29.3283020807412,0.507,223.598553747555,1023,17
3.95010906233706,45.0879129818275,30.8171063590937,0.319,126.875377781184,572,17
4.15115925181369,42.1200253849178,25.4992878277054,0.393,110.894907379145,572,49
5.79071781286038,50.6886694552131,26.5017093863056,0.473,159.976161231129,831,49
5.82447171267056,52.0095471628591,27.9008925278441,0.467,168.709577690518,831,37
5.99678217024377,53.5964625803241,28.4192587518263,0.465,178.858943666702,882,37
6.20599324181884,56.0867955922699,30.4748248664554,0.459,196.347502697293,882,14
3.27716837764176,41.4842661207941,31.4205438780271,0.245,107.416426609294,478,14
3.35639190594107,37.9565954854688,25.63875536933,0.327,89.8952988006103,478,55
5.51143803886986,47.2847448319992,24.2330554826008,0.489,139.917158906789,744,55
5.25207541975898,47.4057820950077,25.664017771459,0.457,140.038679891548,744,54
4.84825066144969,44.7972715031505,24.7670596819604,0.445,125.421313318024,664,54
4.67140432202713,49.0180184157863,30.8191651000686,0.373,149.996716327216,664,12
5.2946169484965,53.3143419173652,31.84991991982,0.399,177.187013786721,788,12
5.58543514941257,50.1107968926855,27.0598929174262,0.463,156.603427343967,788,42
5.39653778319709,48.4200690717529,25.7795588481316,0.465,146.75969135922,735,42
4.9960537468118,47.0565257030209,26.1866982171069,0.441,137.96039306747,735,55
4.95773504198521,46.3752196810664,25.8899990451388,0.445,134.169811361915,715,55
4.90320415390195,49.3835462867714,29.6223888849594,0.397,152.029754425303,715,27
3.61631419629541,42.5429125526447,29.7331117464793,0.299,112.899706425692,529,27
3.74948144919119,40.9850362407565,26.8511065284018,0.347,104.82600921474,529,44
7.1797884352226,56.0830693843336,26.4352072615198,0.527,195.808708462987,1004,44
7.03878856950246,57.4858711808507,28.2230079187432,0.505,205.687010690881,1004,33
7.31432416973785,58.7263514209668,28.3210307900108,0.513,214.6083473878,1050,33
7.10299823267562,58.7797492470612,28.9941153875815,0.511,215.455977240805,1050,32
6.87712257630858,55.8734556501017,27.1858406752243,0.511,195.353470362661,945,32
6.4082100487741,58.3758206168386,31.8093496360626,0.459,212.577782623372,945,10
7.38815575598095,62.179175958638,31.3861397257207,0.491,240.708363687877,1076,10
7.91225350478119,56.6592756828309,24.5663017802849,0.569,200.535907059979,1076,53
5.2662285733992,46.6944879169248,24.7820035480088,0.467,136.320824885474,719,53
4.95537284825784,46.281398107404,25.7285513721765,0.447,133.573654469404,719,57
2.84451509555502,34.0761196332069,24.411726874427,0.285,72.5542062239551,390,57
2.78354625856109,35.946148655506,27.8339773612952,0.225,80.6970760719167,390,34
5.97618690478666,51.9979175093867,27.0595930962892,0.481,169.019012116902,820,34
5.81075160386816,51.4755566339835,27.3703307958938,0.465,165.137824233554,820,39
3.11162807247377,38.322621593174,28.0889412916404,0.269,91.6275155701436,452,39
3.16180456226229,36.4416314418297,25.0405447481656,0.315,82.8625440630412,452,60
7.11345373518377,53.4346188027266,24.3242486298037,0.543,177.982514317433,986,60
6.97041915515483,57.3236667481538,28.3852165097613,0.501,204.692885384233,986,30
7.59533560216965,59.114843382056,27.7639550516813,0.527,218.099105285977,1055,30
7.5227722574953,60.2502076778341,29.126902737085,0.519,226.567755780761,1055,21
2.66020167152382,36.5795637735321,30.2147399850611,0.171,83.4339357888955,382,21
2.78016981569836,34.0046580082802,24.8598131503759,0.269,72.1269812858905,382,54
3.71018179414044,40.3779695055152,26.0770210950583,0.355,101.51659717788,537,54
3.88055649591347,41.2324770210079,26.0880298483697,0.365,106.074551806281,537,45
6.79199302001057,54.2207640994214,26.1163009345416,0.521,183.522315892692,940,45
6.77503215091048,57.2986906219543,28.9485807055057,0.493,205.443149062436,940,18
4.63576542541463,48.0769383694713,29.836478520278,0.381,144.36505036458,653,18
4.54899627693269,48.7979693951481,31.3818786452866,0.359,148.606301510684,653,10
4.65581488197417,50.2981784271253,32.1916754244909,0.357,157.762542909801,694,10
4.83378782907594,49.521316466015,30.3745107013389,0.385,152.957208368645,694,18
2.2859424719155,33.7794945080732,30.517870650853,0.0949999999999996,71.2098918996969,323,18
2.28684961795823,33.6519830908466,30.1757084803968,0.103,70.6828950380028,323,20
5.13989319356362,51.502947593967,30.7188651957357,0.407,165.518623816825,758,20
5.28989476489426,47.7630397280747,25.7445086611586,0.457,142.041223885944,758,55
5.34096285909313,47.7531468917645,25.5611590219868,0.461,141.969671538582,758,55
5.16005061064734,48.7954170534314,27.3242796851999,0.441,148.383273455129,758,46
6.3654333445574,52.7791431906086,26.4118788658344,0.503,173.687742017266,894,46
6.2118588978013,56.2187777485588,30.5636674832053,0.455,196.985361261061,894,16
2.54819431585923,35.8722984533771,30.5687088080011,0.149,80.3245303286313,361,16
2.61028451576258,34.8099681570305,27.9221416492045,0.199,75.7355296846522,361,31
6.25777678793494,55.6890470393223,29.317940050538,0.473,193.15967863734,930,31
6.81777138186054,54.1292180609055,25.7817727834184,0.521,183.328655096648,930,43
3.27773077472485,38.0556885548482,26.426947340109,0.307,90.47590767141,454,43
3.13668575325873,39.4735907464618,29.6552124775663,0.247,97.2419574437708,454,26
5.0846359512206,49.7847678787992,29.2539349990212,0.413,154.602232540249,725,26
5.07798434317564,48.3581719100208,27.5579310683758,0.427,145.785846331403,725,40
7.41379343162862,57.5279812279379,26.9602943222417,0.529,206.076022843598,1040,40
7.52193948623368,59.8949103452184,28.5546673355704,0.521,224.589599597897,1040,20
7.74092440338663,61.263325859819,29.2559407474271,0.519,234.103007947685,1089,20
7.24860464030866,61.4179555849073,30.8490544451242,0.501,235.237933103336,1089,19
7.5196662597793,61.142006927417,30.0304426378996,0.513,233.080649510046,1081,19
7.82711210268078,61.0113682495254,28.4723547166718,0.531,233.012137489503,1081,20
3.73263933971936,43.7341700624149,30.5945581723104,0.303,119.351438563846,544,20
3.79019032742993,41.3805065774349,26.9282835314576,0.347,106.804780568636,544,46
6.66969375550718,53.0415364261322,25.1534308118186,0.523,176.128921875435,903,46
6.34857541819091,55.8502912478075,29.570848937435,0.473,194.525265196027,903,22
3.25183025025841,40.2904796051924,29.9033888635832,0.257,101.25102406772,465,22
3.2225184358335,40.2007378484233,30.0340267491599,0.255,100.875212305588,465,23
7.01387322187603,58.2091865718451,29.088473569024,0.497,211.30374638506,989,23
6.9456405731307,56.952462588032,28.0762394708013,0.503,201.90231648802,989,34
5.74686866396429,52.250083933119,28.4008984161017,0.453,170.057631960997,826,34
5.79446795571457,53.5860517016618,29.7610235460392,0.443,179.054085615641,826,21
2.67784420892262,36.5360998106047,29.9145189280081,0.179,83.1859425515239,381,21
2.70918770302657,36.0097466555562,28.7146580807544,0.201,80.8679524276156,381,28
5.39486725993509,50.8808421475663,28.8290432426982,0.435,161.321994944682,764,28
5.39727012193185,49.4170651554492,27.1304628379428,0.451,152.180199565008,764,42
7.74434609770356,58.0168420806404,26.2895958926227,0.543,209.899055552367,1071,42
7.19929198990303,57.3081480613041,27.0239659649901,0.531,204.656533587941,1071,48
6.59460663487175,54.8993890458996,27.0370866431818,0.505,187.612141023018,976,48
6.93628373108582,56.4420936091004,27.6838372328146,0.509,198.368540045113,976,35
6.33947385770523,54.3964591467897,28.0302348223611,0.481,184.393215613837,903,35
6.13309329422347,53.6992630392181,27.9188384701252,0.483,179.734270709365,903,41
5.83210754624348,52.5248510086256,28.0235987131233,0.469,171.98132698612,863,41
6.06175825364682,54.1891022936644,29.1576839394074,0.465,183.121237941638,863,26
3.5773275670392,41.321198221185,28.4359293770064,0.313,106.752747354613,497,26
3.46913799115876,41.4017202450881,29.5366714183905,0.287,106.914245883571,497,25
2.37716398267633,33.7174968239447,29.0694416113073,0.139,71.0188993466941,331,25
2.36710796811014,34.2509010335371,30.089042603474,0.121,73.3040142632226,331,17
4.74535419142183,48.7536483161544,29.9100907817299,0.385,148.521287938986,670,17
4.65553906379927,45.1789241212254,26.092824073298,0.419,127.169175833607,670,53
2.87445617883138,34.5745436249688,24.7680642429026,0.283,74.7798743628778,394,53
2.8227815954609,36.9213831028139,29.0299058581326,0.215,85.1705558172804,394,24
2.98179059198534,38.5216611006542,29.8663123070933,0.225,92.6426120970966,429,24
3.16195005762407,35.8422709024968,24.0509491827915,0.327,80.3853245893603,429,56
4.6499176536053,43.6629937235942,24.5679583553177,0.439,119.094761484482,636,56
4.31672354539244,47.721789117562,31.3970408376586,0.345,142.08000922622,636,15
5.68730664680954,54.4705340456374,31.127433958455,0.425,184.928230506908,833,15
5.84286643064679,51.6118541023736,27.381164675285,0.469,165.997754884599,833,41
8.0088264449279,58.2861345472517,25.2968004789968,0.563,212.970805555838,1079,41
7.60960544571512,60.50398916501,29.0805959851226,0.519,228.125067836911,1079,24
3.60880739013166,42.5525832183728,29.9246827535158,0.295,112.986459381736,523,24
3.57490423742611,41.6022163604925,28.7328568798317,0.311,107.953567592646,523,35
5.27342501163192,48.828694985793,26.9348345985161,0.447,149.221604308602,725,35
4.90473718488621,48.6833269266447,28.5956934025239,0.413,147.781907929022,725,37
7.47891372409343,58.0180191626838,27.2174801341484,0.533,209.894095163654,1045,37
7.52360453217319,60.9810836157817,29.4208365339199,0.515,232.87280302501,1045,12
3.09644643939082,39.6713465262563,30.3391781520261,0.235,98.2677929643741,433,12
2.99038548665166,38.1066264985735,28.9683777807872,0.241,90.4895761617076,433,32
6.70248534245084,55.5488162014891,27.6658546409352,0.499,192.697610849486,932,32
6.29453955321043,56.8879160744659,30.5126091729399,0.459,201.551983744255,932,21
2.653771378701,36.5581209517811,30.268839830246,0.171,83.4020485560212,382,21
2.78989972260374,33.7998467892714,24.4819177661315,0.277,71.395405088665,382,56
7.25794984041181,54.5738472576384,24.8198454436119,0.545,185.407487972648,1007,56
7.45213134184237,55.978150664751,25.2257783608528,0.551,196.112988096054,1007,45
5.24770721161986,47.5346324634722,25.7177010836664,0.457,141.328798938177,718,45
5.16515005228616,50.6303970126659,29.466687074317,0.419,160.38799355234,718,15
7.206314578235,61.7315915058565,31.3255275124644,0.487,237.261456802413,1080,15
7.63746257831862,60.0430685108015,28.5479741953302,0.525,224.638989624855,1080,28
6.30273493578189,55.2282662058189,29.0882412255721,0.477,190.225615598546,905,28
6.22270393127173,55.5593980352971,29.7218280562598,0.469,192.592883959501,905,25
6.16069235808242,54.737962682569,29.2674224512747,0.465,186.864549437948,878,25
6.16096773266048,54.7900028707973,29.2476334402002,0.463,186.962499006491,878,25
2.19978033157758,32.1729271299798,28.4461455969395,0.117,64.8109667172017,302,25
2.1344950851184,31.2765810817178,27.7640336299789,0.111,61.0944285640217,302,38
3.26902450490611,38.9159505257414,27.7514524235418,0.289,94.5298396978576,464,38
3.24490801429199,37.8545364703494,26.3144873032473,0.303,89.4049586308339,464,50
3.56338778419537,39.6239602148122,26.2697628716077,0.335,97.929475604172,508,50
3.66472092792889,41.1502787247645,27.4378131076894,0.333,105.957567153706,508,33
2.59427262024306,34.7903882232038,28.0520248346242,0.193,75.5737084274924,364,33
2.59753153662742,33.4640746448749,25.8379287968801,0.227,69.8745381162464,364,50
6.59410108287699,52.1255787874388,24.6266879367807,0.529,170.091608243271,888,50
6.29078056668027,54.416312248149,28.2818970149007,0.477,184.618193331179,888,31
6.50126845374207,56.4951445492113,29.1499119575245,0.479,198.70811184651,958,31
6.72777168404634,54.5090934185503,26.513918529016,0.509,184.876871593439,958,47
3.94059286443213,42.4628707104176,27.1264255471929,0.363,112.446053661864,575,47
3.90162454658361,44.2434446102456,29.7456603805183,0.327,122.08815781178,575,28
2.88247237271009,37.3034819901869,28.951378594164,0.223,86.8350682988697,409,28
2.90529790555378,34.8276133504401,24.9116982095346,0.283,75.6462504352528,409,58
6.20394801547535,49.5627065228906,23.6020847155884,0.521,153.82289572526,833,58
6.09548605514492,50.7729422857123,25.4287507436076,0.501,161.034408891627,833,48
7.14483956847204,54.4363879085744,24.8417027379087,0.541,185.59652526221,965,48
6.6393916787437,59.0008176610588,31.4558177411918,0.465,216.881903052136,965,10
6.01440431321589,55.1000552963193,29.8756195998283,0.455,190.017299389913,839,10
6.00583000718896,50.9739266340553,26.0717452262143,0.491,162.043078152691,839,48
2.98257887871645,35.8115452346731,25.6796656192499,0.283,79.9952021676094,411,48
2.89677909114647,35.1131556704751,25.3562768248638,0.275,76.8120709575107,411,56
4.32654052573207,42.578762109292,25.0293963516874,0.409,112.908130769588,603,56
4.19844615824953,45.4281493368834,29.3657609878293,0.353,128.55875772366,603,27
5.88713431003853,53.491640313353,29.1887860026453,0.457,178.444816779762,843,27
5.88623296633499,54.9547848857571,30.7894882346009,0.437,188.234830333019,843,13
4.9438177545626,50.6602145299898,31.0732164233384,0.385,160.075759426488,713,13
4.85847779122314,46.5877594132617,26.4085527445436,0.429,135.263064181853,713,53
7.5423983423522,56.9662021074152,25.8121791234377,0.541,201.820408416156,1083,53
7.5830644215315,61.8029126948955,30.4028514180035,0.505,238.00895330512,1083,14
3.67702728193135,43.0193805123079,29.9436949783235,0.305,115.75486261873,514,14
3.6140434770612,40.9717051170519,27.7446236931549,0.323,104.684005554112,514,38
6.72381327101998,56.5970128778802,28.2843944045228,0.503,199.603870727715,994,38
6.85875035099531,54.1941247494638,25.6805660552317,0.531,183.131435776703,994,56
4.30293202386867,42.3866436667705,25.0536384968112,0.411,112.111508591866,599,56
4.09775446068794,44.3990142964784,28.584206135751,0.359,122.981236430121,599,36
2.84851783853269,36.6667918724197,28.2834997329838,0.231,83.9298500943313,409,36
2.8226403066715,38.5033664012299,31.6272751742329,0.181,92.5626248435408,409,12
2.61787794675676,36.4037650264374,30.2373419855231,0.169,82.9551209496798,366,12
2.64209546533932,34.9779322783329,27.8489761656939,0.205,76.4551603680283,366,32
6.14631836033223,54.4299412621507,28.7813364911352,0.467,184.519762386761,891,32
6.29996932767973,52.8909926612505,26.6657527131735,0.493,174.198858482103,891,45
4.19691630671994,43.5020813578088,26.9099792714892,0.379,117.934940403133,598,45
4.32342626700659,45.5599736792417,28.4334617465823,0.375,129.8887591677,598,23
4.20821354198072,45.7942003146474,29.8362676865266,0.349,130.829028912817,604,23
4.14279153388734,42.6970921598337,26.0711591939698,0.391,113.658481865996,604,55
3.83640326272026,40.4207743197655,25.4939021098977,0.371,101.945534179803,542,55
3.70800103294284,42.5169456929042,28.9793315265362,0.321,112.771981712661,542,33
3.84617486253726,42.2184909156737,27.6010751130573,0.345,111.455849590291,535,33
3.64079508938707,43.2968578540043,30.6295323186121,0.295,116.956298017833,535,21
3.49393750538754,42.1886666515832,30.4359024036507,0.281,111.078660612148,508,21
3.64972160703779,42.3613175624729,29.2313878808946,0.311,112.244744026797,508,19
4.59552893455291,48.6437967529957,30.664280124692,0.367,147.53066929029,671,19
4.71166924967121,45.1581281975503,25.9288105276676,0.429,127.223309709542,671,53
7.88350119555216,57.0738318579684,25.0312407300738,0.561,202.750670371279,1091,53
8.01750604600617,57.8068396418654,25.1760701248492,0.561,208.908361814949,1091,47
4.15518368281789,43.6378776860357,27.171955976761,0.379,118.757120586653,608,47
4.22733632590746,44.0404607350346,27.3947209267297,0.381,120.999207695825,608,43
7.46882013300334,57.5668514638168,26.7455152890632,0.531,206.19320526651,1055,43
7.3912511852169,60.9675521495333,30.311644690723,0.501,231.512303581138,1055,15
2.96970194497289,39.3968402623091,31.311574138476,0.207,96.9027708802138,433,15
3.08758028991783,36.3745209728681,25.5949162727849,0.295,82.5495865907263,433,52
7.50985225252225,55.9216601090743,25.199529828527,0.545,194.728815226502,1040,52
7.06517307909758,58.3833174584614,28.8051522363638,0.511,212.574647595209,1040,33
6.21886765440988,54.7055174416651,28.6993568861741,0.471,186.338930481157,904,33
6.35365180450923,53.5124801696845,27.0302625787596,0.491,178.287141347703,904,43
7.03330310069197,55.7215192960846,26.6391908257245,0.521,193.339200284569,986,43
7.33249562594542,53.9381143387236,23.8380088974943,0.555,182.183838850388,986,56
5.41816013597683,48.3416678880821,25.7526377251167,0.471,145.724390071628,782,56
5.2185674772251,52.8096499148515,31.601788171825,0.401,173.891474632248,782,15
2.69038526591579,37.1772592544506,31.0424578870336,0.165,86.2935294229161,386,15
2.78032497656953,35.3029017521403,26.9150155926789,0.239,77.8499034998882,386,40
4.5880931871271,46.3056435151312,27.8794727529251,0.401,133.766779913461,664,40
4.43735657794467,49.2131237189175,32.2923820208163,0.345,151.037619188131,664,10
5.78235623456362,54.634105646416,30.9613823784385,0.431,186.234992001243,824,10
5.62608251107078,54.3041625500117,31.2547672089368,0.421,183.730735144001,824,14
2.468519196228,35.2727011334099,30.6538614982161,0.131,77.64685704677,346,14
2.45284560676256,32.1221393722642,25.281357385513,0.215,64.4231207926405,346,56
2.24887596590277,30.7056448912632,25.2826095398854,0.179,58.8701731821638,317,56
2.23405116699025,32.1344339896969,27.9975957222203,0.131,64.4938667054002,317,37
3.7607048449389,41.7659373057248,27.7033641992067,0.335,108.819786963517,532,37
3.89274883119753,41.2869746909195,26.0131945284926,0.371,106.657336346078,532,42
7.46774074723145,57.4269203907997,26.6776837037698,0.533,205.341604914569,1046,42
7.54513922862086,59.8265120310494,28.4966450095521,0.521,223.858435456004,1046,22
4.86208179177926,49.7096046981534,30.3348533821773,0.393,154.188095559316,711,22
4.82578217609748,47.8048600521261,28.0294948944499,0.413,142.496285959144,711,41
7.09999893644077,56.3660095697795,27.0065242366221,0.521,197.968243750873,1001,41
6.9218870998719,59.5923393130308,30.818839439861,0.479,221.22909648416,1001,14
4.21947418964464,46.5320137960339,30.7524074395072,0.341,135.154856536894,602,14
4.22778305460973,43.9119080597915,27.2708684190759,0.377,120.276701034192,602,42
7.06610401811896,56.4808092140583,27.123973070114,0.515,198.503532653964,1008,42
6.97964706273406,59.3404974919117,30.3171151858809,0.487,219.348276278526,1008,18
5.06171475232366,50.6876627878087,30.4426661803669,0.401,160.264800836806,728,18
5.05000102645119,48.327989434945,27.6624226618753,0.431,145.722346647569,728,41
7.3209774592398,56.6872723989616,26.4924649708941,0.529,200.429208048647,1014,41
7.26718089992412,54.2527082976447,24.5853095174364,0.551,183.465104295791,1014,59
2.69692331458888,33.5686869331644,24.9114213740079,0.255,70.2230881843994,382,59
2.66907963403347,34.8116254354059,27.098747754586,0.219,75.5376871865776,382,44
3.27179021736518,38.62682751734,27.1967317328765,0.297,92.9476415489717,469,44
3.25279179719301,40.1705833615027,29.5688479487516,0.261,100.540092320954,469,26
5.93576903403214,54.1997094197383,29.5546997307739,0.451,182.957117983726,861,26
5.99843362726604,53.3965214219445,28.471065075189,0.463,177.525771181166,861,33
4.12728288570953,44.3088543987552,28.4539091968832,0.357,122.478684589485,589,33
4.02845292141442,46.304486472111,31.7205966234334,0.313,133.672388657339,589,11
2.12113786093899,33.0168340113194,31.6346058018155,0.0429999999999996,68.1044282764438,301,11
2.15085474430701,31.3727507019189,27.8002407954205,0.113,61.4381752704645,301,36
4.21289972943005,44.6954533540519,28.2707767586384,0.365,124.591477988171,607,36
4.17925972375228,42.2611446845319,25.3378835834908,0.397,111.328345031239,607,60
4.05585290263175,40.4175786463217,24.0569188518232,0.403,102.079776024604,556,60
3.91913140356648,41.8317239784651,26.6952878946791,0.361,109.16435665294,556,46
4.21198116537804,43.9771214047855,27.2663674998603,0.383,120.662571472546,615,46
4.25119592470458,45.5529343187423,29.1492137740737,0.363,129.460956504944,615,30
3.07575943160195,38.7646928847889,29.2051550759322,0.249,93.7803992519404,445,30
3.09099300936265,37.9368666825225,27.746796943894,0.267,89.7986645924026,445,40
3.34214911967709,38.8705648221956,27.0796184949315,0.305,94.3403367390816,467,40
3.26695629611239,38.9489668961385,27.7833006025194,0.289,94.6696263144108,467,39
5.27618988431142,50.0992985103994,28.2184785669141,0.439,156.472549650042,775,39
5.4056694546631,50.4734942683203,28.2828636652743,0.443,158.905142030387,775,35
5.46578718919261,50.5524364633506,28.0205729286811,0.443,159.205728796264,776,35
5.30535358170025,52.3772763564069,30.9189322857904,0.413,171.17559885903,776,17
3.03985695980471,39.4862621796098,30.7247676467604,0.221,97.2592027494253,438,17
3.04463909351105,38.9348808918919,29.7992419521136,0.233,94.6112528590468,438,24
7.0408620933397,59.7819184674774,30.0971802966351,0.491,222.493340868204,1047,24
7.69229572036089,58.2979179629252,26.4969858364783,0.547,212.631879804449,1047,35
2.43342829568841,33.7058995907746,28.1630841255502,0.163,70.9300606003736,345,35
2.45635563821887,34.9925392602226,30.2719880558835,0.133,76.4204444097705,345,17
3.2480707704641,40.5021014525026,30.2199228651041,0.253,102.456833682249,461,17
3.20279780609197,39.4547570611779,29.0897936152049,0.265,97.1475745847411,461,30
4.77937768454712,48.8092926320573,29.5125900659681,0.395,148.545635241651,707,30
4.8755785032406,47.7371772818746,27.9023521346799,0.419,142.216572032291,707,40
6.19325231153207,53.9459141195423,27.9739255030368,0.485,181.43055405052,908,40
6.20184092042207,52.5809640869764,26.5494576033318,0.499,172.375236383299,908,51
3.03366347181605,35.7139061222638,25.0199598489726,0.299,79.8010558049686,416,51
2.89268379060651,37.1440968816233,28.5759850172873,0.233,86.1154529762556,416,34
7.16077617172573,58.4928854429761,28.5196911105386,0.507,212.924802435222,1045,34
7.23101957315434,57.2220197984183,27.0949337756951,0.521,203.703620051888,1045,44
4.65459304823468,44.9657905112362,25.9150801964636,0.425,126.41906623257,637,44
4.62681972808332,44.5268377452583,25.6075314057024,0.423,123.90789205325,637,48
2.42064776285207,32.716182171314,26.493162626927,0.189,66.8224807231285,345,48
2.4205502675097,34.8480076676258,30.4367208303731,0.125,75.8348087750946,345,19
5.91575083988016,54.2449923237407,29.9129010026606,0.451,183.68355963391,840,19
6.18297328283306,51.8078715252081,25.916484686468,0.501,167.981009291046,840,41
3.78725192661753,41.0558322505,26.5098570753444,0.353,105.403445470296,524,41
3.69081902188408,40.316102156288,26.3490031197745,0.347,101.414070508945,524,49
6.59543161558132,53.2736853437662,25.9651110376767,0.515,176.916117161561,924,49
6.49823896053258,55.4683556291338,28.4842676447001,0.489,191.847915842144,924,31
7.84328381895639,59.4338167918563,27.0132347684211,0.547,220.968232215054,1071,31
7.82609494386083,59.274152234206,26.9263689253446,0.543,219.969247504652,1071,32
5.68778780527277,53.219613733844,29.3531187330733,0.447,176.529343158798,851,32
6.07088399118343,52.9320190886711,27.8060882772554,0.477,174.788895827046,851,34
4.9790240677949,48.1047073425746,27.8403657252354,0.419,144.366371200123,699,34
4.97862126325539,49.3978079731288,29.3729877251313,0.407,152.36667061785,699,21
2.64273527505187,36.4057662577203,30.2276062087598,0.171,82.7637682162116,379,21
2.76412106429341,33.9879991717127,24.9053126455437,0.267,72.2671339019811,379,52
3.87372280708989,40.2782780990083,24.9887349989909,0.381,101.40535697893,530,52
3.67868877565302,41.8606097579709,28.4506244116727,0.323,109.337341200997,530,35
4.97249064280728,49.1227822808199,28.7446608051698,0.411,150.388776524009,731,35
5.08930184161037,51.0850058888053,30.7181546970916,0.397,162.770167733232,731,15
2.21625357731719,33.206522475055,30.4381635256671,0.0829999999999996,68.8897759976655,309,15
2.18171608599503,32.3450023750997,29.2131051439258,0.0989999999999996,65.3383635014581,309,28
3.72038026953028,42.3241695232975,28.7669823910606,0.319,111.818374771945,526,28
3.84784885782338,40.2010554058163,24.9208278186021,0.379,101.133060157258,526,51
5.44195126037192,48.6126008773453,26.0784643409707,0.467,147.375926942077,772,51
5.52682322928405,52.3236542804405,29.5042739448582,0.435,171.314709467237,772,16
3.01109515289225,39.5051821016536,31.1007980931374,0.215,97.4225020621312,437,16
3.0911770899312,37.3304008086256,26.9408352298194,0.277,86.9316448625249,437,43
3.12722075811166,37.2779590285791,26.5414387533468,0.287,86.7964572693133,436,43
3.04195871509333,36.9385414177697,26.7893729445443,0.277,85.144406836637,436,47
5.93359163993166,51.1995522808951,26.4960902673363,0.479,163.218596743372,841,47
5.92959221465321,51.2931652992018,26.6331309863407,0.477,163.962680204383,841,46
5.30802974619087,48.6722165994675,26.7887585655042,0.453,147.792478175333,756,46
5.38448265763533,51.8858692383219,29.8490077588958,0.423,168.320658456611,756,15
5.32602369262455,51.4224373049387,29.516938736981,0.427,165.401150299028,741,15
5.30190401902786,46.8157921117651,24.9046900724,0.471,136.67537205412,741,58
7.29707847511818,55.9920062954744,25.5821918592629,0.547,195.395781306842,1074,58
7.91327890407754,59.4766716229596,26.6580876131328,0.551,221.558362359651,1074,31
5.71111164765918,51.8190269112169,28.2049117164011,0.453,167.552845305944,803,31
5.48956239955153,51.0992937191797,28.2487809988055,0.443,162.62104063182,803,38
3.8193336675757,42.7079610003842,28.3406476430646,0.337,113.782780303763,559,38
3.83455972492365,44.7561535305434,31.2236113615857,0.305,124.994627704865,559,15
5.02421305390245,50.6044831298442,30.5123919216702,0.395,159.755567996778,717,15
4.88974025156172,48.759136571545,28.8396520242375,0.405,148.187486638815,717,34
6.63436450448034,57.0401540041822,28.97065776438,0.493,202.70763263814,992,34
7.09742477053121,58.9409425378068,29.3812695116424,0.499,217.161625748348,992,17
7.22624505380992,61.8908383250537,31.238758989194,0.495,238.700045921755,1096,17
7.77527313945327,60.8419348828997,28.7971935738548,0.529,230.801176584175,1096,25
7.03241686809218,57.4284238671519,28.0673894929174,0.509,206.399469954997,971,25
6.8884309229489,58.4903940127637,29.8450267861851,0.487,213.609172663608,971,16
3.97962856133645,45.4216663633139,30.9551342477762,0.317,128.719805685345,578,16
4.04473809869644,44.4541694404805,29.2074480860872,0.343,123.220486872687,578,27
6.33559033355691,55.2164434483009,28.9125090312646,0.473,189.975855906826,900,27
6.65634346906111,53.3031015071075,25.4210987058271,0.521,177.938528611722,900,43
7.42876130327825,57.4839590956619,26.8071481878114,0.529,205.593083107882,1052,43
7.65975660427536,58.3200239195438,26.7793129998986,0.543,212.535281764448,1052,36
5.7575000880895,52.2126780487823,28.3489308694194,0.461,170.103748950548,835,36
5.81253893115396,50.6854303044589,26.3928950309877,0.475,159.951748330817,835,50
4.7914486272961,45.93515119322,26.3796790485491,0.429,131.643754647611,685,50
4.83620397334761,47.1089639801822,27.5446635845026,0.417,138.439993202996,685,39
3.69000573319863,41.4517867312862,27.8387029452206,0.331,107.206205751651,529,39
3.67310551221736,43.7145742368256,31.1089573029962,0.287,119.202463995567,529,13
5.34727952592236,52.768075130061,31.2373620816655,0.411,173.73020727693,776,13
5.63317082161591,51.8568670199061,28.3127451495105,0.453,168.315867871772,776,22
4.00086300405453,44.5424864085386,29.6436070258615,0.333,123.802823151629,569,22
3.99791999324764,41.3172537315952,25.5288676361259,0.385,106.494367350826,569,56
7.97488255327797,56.027066597937,23.6951248081605,0.579,196.511794557344,1068,56
7.82171884334608,56.1709255630569,24.431028735532,0.561,196.818606494922,1068,55
4.84952283791127,44.361140605945,24.0840781008679,0.455,123.171653099,654,55
4.84927555270457,43.803504804365,23.5121928993355,0.461,120.112364762195,654,60
7.90588739442145,55.4971512517124,23.5870164447441,0.571,192.378837512998,1070,60
7.13011975961394,60.111922481392,29.9668098914727,0.503,225.197594243888,1070,26
5.86558149740241,53.5204778309874,29.3443577028827,0.455,178.682142399331,841,26
6.28069549446646,49.5276384553307,23.2873483971894,0.527,153.652628124041,841,60
6.37260866485279,50.2255177071063,23.800836796751,0.523,157.716658538504,865,60
6.1787776984305,52.5764272245269,26.9046177588164,0.485,172.351269128154,865,41
7.57492997824102,58.1215834711494,26.9107935097907,0.533,210.225678282065,1067,41
7.38599419900224,57.921381351193,27.1927717292632,0.525,208.72445382221,1067,43
7.23983536796939,57.4105240116072,27.3194751760213,0.529,205.527892406782,1052,43
7.50576124217086,57.7809129139054,26.9209692362834,0.531,208.043742904776,1052,40
6.98143992744515,55.545467734675,26.6403193026204,0.517,192.504483648965,967,40
6.94180882368435,54.3259288993037,25.6632728558791,0.527,183.761895799807,967,50
2.95551186019926,36.1617316137275,26.3691101526453,0.271,81.5959191663115,424,50
2.95673942594302,36.9286951909316,27.5210476915674,0.253,85.1051465563474,424,41
6.52892478021234,55.4298633194097,27.9287491407719,0.499,191.48694348833,965,41
6.71680827458642,56.8345563061902,28.926831178797,0.495,201.422166504078,965,29
4.68366936058218,47.6496765791042,29.0006680591863,0.389,141.572408327701,671,29
4.62602052775068,48.736232747407,30.6350835953343,0.369,148.021078764125,671,18
3.83864163133436,43.7180925938961,29.7424447026838,0.321,119.424542738121,539,18
3.66874995098708,44.1117335866079,31.651187008096,0.285,121.428268823015,539,13
4.96381668506881,50.8934245762951,31.180304496341,0.385,161.402734406089,719,13
4.80665960539929,50.4929331265133,31.3626704808072,0.381,159.047240528178,719,17
6.5105786829562,58.2592989443744,31.0299294468657,0.471,211.613839617714,966,17
6.76153674106126,56.9170515333996,28.7734878183417,0.491,201.699259965895,966,29
5.25409735785897,49.6487926685192,28.0576341728275,0.433,154.04878361764,731,29
5.03729468411732,51.5334048841108,31.6319999458826,0.389,165.696302126456,731,10
3.55804822091837,43.0840230575214,31.3055372977229,0.275,115.897060507916,508,10
3.65669904042145,38.7409318806628,24.5313776352659,0.365,93.6459049236924,508,59
4.28306735640227,41.4899647172617,23.9537385953906,0.421,107.685392777945,583,59
3.96092646983328,44.7327101237606,29.9904660767625,0.331,124.826482536603,583,26
3.12522237194702,39.2603227504386,29.4967234931063,0.247,96.1952199543777,449,26
3.2590466994238,36.4896305556266,24.3683351354795,0.331,83.1956268004566,449,58
4.10453169286138,41.4973449866394,25.1358112672203,0.397,107.430025668962,580,58
4.12257531600819,45.9472656840641,30.5175411509804,0.337,131.965687771157,580,11
3.19175515331674,40.5307584068059,30.8981071283283,0.239,102.622548699958,451,11
3.11327571118428,39.0214939031608,29.1665933202669,0.251,95.014348187594,451,30
7.09560706818929,56.7996329842032,27.1649872458979,0.523,201.938006480654,969,30
6.86009442773709,57.5440162976016,29.0923225583289,0.497,206.541113340768,969,24
4.37702717770687,45.8106523790556,28.3330387529728,0.379,131.336290235397,607,24
4.38110759035936,45.4462239502486,28.0965196723716,0.383,129.126721975566,607,28
2.24243742899243,32.2490563166592,27.8230263604944,0.135,65.1008677711698,307,28
2.17944268679606,30.7378276275826,26.157884445818,0.147,58.9988650814906,307,49
3.80619286296256,41.2003671962733,26.6072005108357,0.357,105.904420959122,547,49
3.82580356990588,42.7930282670869,28.6489129112515,0.331,114.248077079082,547,32
6.57923485708083,56.7024379616122,29.0216467116891,0.483,200.150961091433,970,32
6.54395579860341,58.9075063776032,31.6341067571584,0.467,216.414707994794,970,12
3.55082732962643,43.6271226404757,31.9117632756188,0.271,118.768779988173,525,12
3.64651473685025,43.6300637093111,31.2259347636354,0.283,118.737983035415,525,12
6.23257347035905,57.5797288746752,31.6999197595683,0.453,206.791618490708,925,12
6.47688805203962,54.7351202612024,27.8560193092314,0.495,186.805478063319,925,37
5.16928401051022,48.6501590541957,27.4630104771089,0.433,147.591493736375,725,37
5.28401951759356,47.3235959349204,25.3991579492561,0.461,139.940252864644,725,49
2.98165411505306,36.2087759534669,26.2626399292399,0.273,81.8112402161996,423,49
2.94328390448479,36.8781826277957,27.6263564748991,0.253,84.8895349778395,423,41
5.06146740782672,48.0606728913284,27.395412006335,0.433,144.10398524484,720,41
5.20684983798837,46.2839454793147,24.7217212597625,0.463,133.582538479707,720,57
3.65490852104132,39.6491074509345,25.5519198065662,0.353,97.9796456449943,526,57
3.62110357512017,40.4087211690361,26.7651144329488,0.337,101.850516044755,526,49
6.27041151452133,51.8196343722369,25.7808931772632,0.499,167.411175533399,872,49
6.26221810741837,51.9214667641894,25.9332841298969,0.497,167.95622324154,872,48
6.56177575555343,52.352588335345,24.9424873081912,0.521,171.624991162465,888,48
6.32053956328909,54.9617122939026,28.7634270556247,0.479,188.525624776956,888,26
4.60485709950978,47.5459104299888,29.3967206198446,0.381,141.029015086487,660,26
4.58356895704399,46.6083416458087,28.2539734824361,0.391,135.364362343247,660,36
3.10733280630604,38.2624563805555,28.2082198199078,0.265,91.3734528799519,445,36
3.09120618652906,37.7506887624521,27.529472281862,0.273,88.9468752746061,445,42
2.86298128532382,36.1297671041252,27.3070770491659,0.245,81.4864565553155,408,42
2.95036372552948,36.6171793714065,26.9842012292715,0.263,83.9082353613706,408,36
3.61574429879114,41.295574629713,28.1708969615635,0.317,106.40151908114,518,36
3.55406703682843,40.6607099521781,27.6238214351449,0.323,103.131827652123,518,43
5.72852220790547,50.6444168243634,26.9516194034846,0.471,159.947928293463,809,43
5.76759259222147,53.0205430400565,29.2063995691707,0.447,175.585662274586,809,21
6.73451724141016,57.158424196906,29.1665188506608,0.487,203.957019335155,945,21
6.49103099711332,52.5143625489834,25.2730769122741,0.513,171.585536877322,945,60
6.16773684029997,49.3742756690276,23.7453334217049,0.521,152.42711167969,834,60
5.82238256820413,54.5766769293299,30.6865208686798,0.435,185.652060156191,834,14
3.61070710295272,43.6215462863555,31.4718470461699,0.281,118.753711047466,529,14
3.63161532366633,42.1820328143952,29.1763022559296,0.311,111.017209042021,529,31
2.98406225545323,37.28675712703,27.7188019959209,0.257,87.0049014010796,414,31
3.02488785324987,34.8585072308408,23.997300663588,0.313,75.926666827581,414,60
3.54508737359278,38.1867706093153,24.6366843677826,0.357,91.0054309179633,496,60
3.45361712960183,40.5801640645129,28.4646749277158,0.297,102.76389496201,496,34
5.95905512843427,53.0279398135532,28.3508791468032,0.469,175.368596438456,854,34
5.74452972586425,52.2884344629069,28.0984758376638,0.461,170.380687185165,854,41
2.59562317247303,33.8627045951066,26.3715151363415,0.221,71.6544757136136,357,41
2.47199337447902,36.0976977517851,31.8909534893277,0.117,81.2997730652712,357,10
4.86912387472921,50.467649461854,31.3511205571343,0.381,158.96240472288,699,10
4.78169892209776,46.554158869507,26.8678215051748,0.419,135.080336401234,699,49
7.72666063768998,57.6271068707588,25.9357317280553,0.545,206.580402312825,1089,49
7.82697708714657,57.8460463599286,25.887096894998,0.553,208.247108204956,1089,47
7.3238068414877,56.1624425285992,26.0556194580181,0.533,196.565286146001,1024,47
7.29929053398111,59.4000019723119,29.1001826555098,0.507,220.240424075312,1024,21
5.46747201508111,51.4504224402768,28.9278260435489,0.439,165.444665188848,760,21
5.30145884973325,50.5173228468897,28.9016730856863,0.431,159.213070795823,760,30
6.5779712761958,55.2408657918597,27.8946907778365,0.497,190.619046616185,913,30
6.62349414349997,55.9932309777258,28.1213062843675,0.495,196.291656353966,913,23
6.09714100881756,55.6505012105117,30.196460547815,0.453,192.908927651254,898,23
6.29209361703065,56.5500029768012,30.5853897926777,0.461,199.470867762315,898,14
5.79845109384943,55.2496360101913,31.4138372423638,0.435,190.452053267086,856,14
6.07762668255425,54.4961555249463,29.3449976050879,0.459,185.296654411736,856,21
5.96448637386519,54.1136654188623,29.5047063649018,0.457,182.823330143973,842,21
6.08869498990528,52.6111343376991,27.2843057185478,0.479,172.944721654254,842,34
3.61616760216565,41.8138494697487,28.7197640347483,0.311,109.014301174856,526,34
3.8012539456441,41.5976809847015,27.060072896449,0.349,108.264852924821,526,36
5.28417322082607,50.1530096803032,28.3536070318006,0.431,156.709756650832,766,36
5.64333109100379,48.2924295359008,24.6699479543512,0.487,145.978967416216,766,52
5.90790246724277,49.1652804628792,24.3335373366345,0.503,151.387639512726,795,52
5.7105884357004,51.5413336603685,27.8712770989445,0.457,165.985029339531,795,31
6.9480059766048,56.2298167595005,27.2413912492563,0.517,197.77927300923,952,31
6.7133094393082,56.3848930682306,28.4849917507944,0.493,197.995164128599,952,30
2.27886718014186,32.3772966473836,27.5454652993723,0.147,65.6208568273809,312,30
2.20883959687778,30.3138256213212,24.9782815366027,0.175,57.3478748347192,312,58
3.34617252846351,37.4058646474444,24.9629437701104,0.331,87.2312705010522,471,58
3.40976124002109,40.1402432736095,28.0235311121632,0.301,100.802443675823,471,27
7.74338630682553,60.497542155078,28.5342828476932,0.527,227.880416697793,1091,27
7.83350147673201,61.7907913219673,29.3420874982887,0.527,238.50074793263,1091,16
6.39084382830303,58.0842658624306,31.2612312505078,0.457,210.113364294832,954,16
6.49699373404875,54.6858418718433,27.3210371172012,0.495,186.162164842901,954,45
5.56224683499696,50.3293773472271,27.2128079534363,0.463,157.985891219458,806,45
5.53303690042789,48.9493694844818,25.7590446541569,0.477,149.369270684107,806,57
6.1974616491172,50.0587449109153,24.3243153104331,0.511,156.556686488459,846,57
5.94664307739396,52.8432610902641,28.162422506952,0.465,173.936895930069,846,34
6.69161676364198,55.7300292781921,27.9628464327158,0.495,193.534983120979,947,34
6.66639740756992,55.6728351773216,27.9380509951238,0.495,192.98721280009,947,35
3.8043493752856,41.6180181569657,26.9085841740579,0.351,108.385775333446,524,35
3.54195071538808,43.7435433725096,32.148467937126,0.265,119.411812032952,524,10
5.91116297410095,54.9084423154554,30.5550248706723,0.445,188.316961566465,832,10
5.70404755231447,53.9719598008702,30.5797359021251,0.437,181.742155147864,832,19
2.26307006484157,33.6985401331116,30.5308280381257,0.0949999999999996,70.9361648109909,323,19
2.35584758078885,31.5463849948412,25.3074220452172,0.197,62.2503508288216,323,49
5.25780848182226,47.7256158022513,26.0376635121058,0.457,142.157463578502,736,49
4.99989516523527,48.6171389327251,28.0112421546772,0.425,147.381599923363,736,41
5.06677622082986,48.1608105269767,27.4597776693392,0.433,144.713675206936,723,41
5.10794307583439,47.1902852275306,26.1367781919962,0.443,138.819241530277,723,50
7.43257930489718,55.1089193599311,24.5025288326823,0.557,190.150316917648,999,50
7.43691949814138,54.8399495172597,24.2777227278512,0.559,188.268542471681,999,52
3.26082514438112,37.0750846457084,25.1352527571624,0.321,85.9063955690962,450,52
3.12098840388908,37.7111471410768,27.1208770681754,0.279,88.7244077795168,450,45
7.3707708007911,56.9626871244068,26.6315118014928,0.537,202.29988158885,1046,45
7.55914677883048,60.8019669188203,29.0715026044425,0.519,231.41695097804,1046,14
7.36721113315661,61.89404357382,31.0783918518923,0.493,238.466510139106,1082,14
7.78597556761549,57.0563935646085,25.3908158366484,0.557,202.972252705227,1082,51
4.01673011308877,41.6866910663979,25.8763460279086,0.379,108.323874959546,565,51
3.98803919451416,44.925403487698,30.3075071764783,0.327,126.032795904884,565,16
5.33781076437601,53.2692026527163,31.4443341972275,0.409,176.909944775511,799,16
5.8488031775063,50.7528333172515,26.2483950588851,0.481,161.204129041782,799,39
4.91849076076699,48.3822537783904,28.2142909193372,0.413,145.914722632354,722,39
5.09937570697845,48.3492776797536,27.4897874742454,0.429,145.769635965625,722,39
4.69886943618356,46.5036116899833,27.5620987790453,0.405,134.851179140412,667,39
4.54036216289768,49.3034919780056,31.9504809989781,0.355,151.661643532675,667,10
3.97284150799009,46.2838745870544,32.114833651072,0.309,133.685403135278,587,10
4.32949594699158,41.8656569912942,24.1285168812757,0.425,109.622227855061,587,57
3.90474813215381,41.1606544541357,25.7331319270849,0.375,105.634350183732,567,57
3.9674481729156,42.7334915378425,27.4701440685553,0.355,113.890325721222,567,41
2.5734236555503,34.2670622004466,27.4544665493665,0.201,73.3143694871214,366,41
2.57073895981842,34.0374480891018,27.0749052103747,0.207,72.3188878088203,366,44
4.26412186228584,44.1113712890645,27.1853261734494,0.381,121.24689357751,612,44
4.17149505966818,45.3632493468157,29.2859327837286,0.357,128.357641643976,612,31
3.40701795389976,40.6500021498887,28.9148910196253,0.287,103.028120913106,491,31
3.40723340152636,39.4018084394829,27.1603823042747,0.313,96.8613983858047,491,45
4.89512545732348,46.6356612845454,26.6494565675619,0.429,135.529206837119,689,45
5.03914855661425,47.7495780322425,26.8378194324397,0.437,142.707503575131,689,34
6.23100470637756,53.2195199690481,27.2942061951792,0.489,177.041076045242,860,34
6.28411020926193,53.6601330911273,27.2703460306491,0.491,180.227831711465,860,30
2.83485734991563,37.13866727172,29.1640836042476,0.217,86.1111531449309,409,30
2.97501059442996,34.63911356567,24.1260466669441,0.305,74.9506611489417,409,60
7.0167016471274,52.8553406059759,24.0894761541424,0.547,174.347801237061,962,60
6.8019078368733,56.194145084176,27.9359340625647,0.501,196.643756699363,962,34
7.68596392868209,58.3151995381868,26.3624257718778,0.545,213.057101595509,1044,34
7.25004446387285,60.7058689412623,30.550555093515,0.493,229.454527866484,1044,15
6.41160098249425,58.414895237606,31.4851383292789,0.463,212.839152868456,963,15
6.49786950725119,53.8728349101114,26.4197889190382,0.511,180.808847524534,963,53
4.98636118673647,45.7144437555005,25.1907107127948,0.451,130.449547927386,688,53
4.67467880249212,48.4247113223807,29.8328473800263,0.387,146.299311270807,688,27
6.00398230644491,52.9938117840012,27.8086451961605,0.473,175.834414567921,828,27
5.55175868954521,53.1707985303854,30.0917925594674,0.435,176.206620157357,828,26
4.73150102503443,47.7085924506421,28.7806403514259,0.395,142.114684060219,665,26
4.66906908912693,47.4586961953964,28.8859047492599,0.391,140.391820652101,665,29
4.42182002713734,46.3794523417572,29.0683047648878,0.371,134.134661775751,635,29
4.59259887572481,43.8508986335342,25.1271043499952,0.429,120.033673532536,635,54
2.30093076498466,31.3671316450878,25.7005078864012,0.183,61.4169956973591,327,54
2.31314586438643,32.6533752321484,27.8694728095852,0.145,66.570772267093,327,37
7.41368832604382,57.9403784684853,27.3747125683483,0.529,209.245656481717,1042,37
7.46516441637568,61.0593650160802,29.9520893856626,0.511,233.078024860858,1042,11
2.36648332634674,34.828702807183,31.3905143652183,0.0989999999999996,75.7118115424649,334,11
2.40105803734377,34.0869549121549,29.2589745622829,0.141,72.5746487641875,334,22
4.5894845463143,48.6878855885019,30.6041719172462,0.373,147.855018017662,681,22
4.76596742234173,46.2851455818544,26.8388940088729,0.417,133.455274391852,681,46
4.14644273146468,43.7529419465966,27.3319112050483,0.377,119.37017453004,608,46
4.31236916955205,45.1091460097658,28.284414570212,0.375,127.018425477047,608,32
4.99071657301872,49.2969612230726,28.9574599407055,0.409,151.442542491647,727,32
4.87455188846113,50.1751171432792,30.5373737957258,0.391,156.978172665204,727,23
7.36620099751413,61.2854343639366,30.2212035548733,0.501,233.76921676156,1099,23
7.44169903085552,61.65393005754,30.5554352210037,0.509,237.055599074298,1099,19
6.82352036719116,59.6147726561267,30.8758667937207,0.485,221.555473401533,1022,19
7.09624123617859,59.4302136679424,30.0170128708829,0.499,220.239248122958,1022,20
2.22333748547077,33.0003376546468,29.7991371813392,0.0949999999999996,67.9671532669121,311,20
2.28623235114697,31.9797620472051,26.9224724682829,0.159,63.998630029499,311,35
6.2659252483825,55.05345602678,28.7075394958943,0.481,188.878621405867,925,35
6.44013725507857,57.6686982534275,31.0523893035325,0.459,207.335707376996,925,11
4.61889224141525,49.9699770818866,32.0762984527273,0.361,155.805039272905,688,11
4.98365906853867,48.2027174974469,27.6281341874687,0.425,145.449700466638,688,29
4.31176635941088,45.5343421135929,28.8306199749329,0.369,129.375940658763,612,29
4.21686793105614,45.6285375032776,29.470792114007,0.357,129.895034979629,612,28
6.96548827761083,56.7975836476542,27.7510333253885,0.513,201.727250327445,959,28
6.91018515697757,57.2012698127008,28.4008586667128,0.501,204.598098923791,959,24
7.06573070181833,58.4128240170693,29.081482363409,0.499,212.457015849012,1000,24
7.08262943151229,58.5201732078217,29.1196248895088,0.499,213.50210049275,1000,23
7.28305019426328,61.2314184012799,30.3972918982584,0.505,233.64857918178,1099,23
7.58542599076909,58.0639148608434,26.7152948345201,0.545,210.214424256093,1099,47
3.17715921520262,37.8146587777908,26.7757452170803,0.289,89.0815846390432,456,47
3.15482397367358,40.3910997652597,30.9618522650004,0.233,101.691974197532,456,16
7.18842982648646,59.2134996065203,29.1509942666355,0.509,219.339445726985,996,16
6.82361617180463,55.1698075676161,26.5498526161257,0.513,189.430569548732,996,50
4.02326792405083,41.063979853876,24.8897880743466,0.395,105.511722047876,546,50
3.72530902543791,43.3927780624381,30.0573561640581,0.309,117.469461965731,546,25
4.31253374792263,46.5534335499869,29.9076843822912,0.355,135.129165396755,629,25
4.47298387500692,46.363988512831,28.783535905629,0.381,134.22381833569,629,27
6.92376417746695,56.7094284748316,27.7129031934034,0.509,201.2998552942,953,27
6.8108702775027,54.7798002075754,26.6108752486413,0.513,187.061668959386,953,43
4.19096925189504,43.522053208598,27.043977403627,0.377,118.132300558269,594,43
4.07103149564926,46.4965582023769,31.6669542205695,0.317,134.772881894414,594,11
4.5873088095907,48.260012788658,30.1120830844823,0.377,145.723408846792,641,11
4.63492907847179,44.5893466982133,25.7230562434128,0.425,124.141671605671,641,49
2.70848572742384,33.9579382510748,25.406016164097,0.251,72.1127092062334,373,49
2.63980269313332,34.297089654471,26.678781291396,0.221,73.3806649727098,373,45
5.72395774945805,51.2261255870322,27.2759046895868,0.463,163.482766673404,834,45
6.15940325945487,49.7474416863375,24.1211642198619,0.517,154.745053660501,834,57
6.32914071474994,51.1670008299663,24.9503170515278,0.509,163.127288829407,885,57
6.31161310687735,56.204581079057,29.9539149324813,0.465,197.454292263777,885,13
3.66398179949374,44.1649061985397,31.6671329741104,0.281,121.677728072703,540,13
3.85075258398862,41.327475513454,26.574219354062,0.359,106.601114649055,540,45
3.9919305518971,42.4620165699694,26.9494369559405,0.363,112.436515611044,570,45
4.10377446656651,42.2463916336155,25.990936859048,0.383,111.437726607955,570,47
6.42601637926428,52.5108484933598,25.8220017825077,0.505,172.09015723629,888,47
6.16302323091947,51.8479087598464,26.0365788949445,0.493,167.299335695783,888,53
7.80356021839121,56.9559872461338,25.2507157009196,0.561,202.256846180677,1089,53
7.87210703797341,58.967348226052,26.7262263512028,0.543,216.835719714434,1089,38
5.91644279872067,52.7209587196592,28.1005272126032,0.471,173.387213264246,859,38
6.36331177844726,51.0545418414068,24.5351021197154,0.521,163.097024608572,859,52
2.61010443519252,33.6960839491228,26.0224676951909,0.229,70.7704973777801,372,52
2.57729963210206,36.7280379937183,31.5294614643238,0.139,84.1308153288965,372,12
4.59001341714834,49.4851550972969,31.7714516828839,0.361,152.770634558834,677,12
4.85611184968821,45.9079247467181,26.0055054074356,0.431,131.464124321127,677,48
5.78868117828915,50.0658693950268,26.021090609144,0.477,156.253686573528,808,48
5.67546350795785,50.5599745539545,26.9738729165754,0.463,159.209848933039,808,44
5.08636409092104,47.730662030989,26.9171086493028,0.439,142.13143070316,720,44
5.13221577227775,46.638018429201,25.4757873527986,0.455,135.677711931284,720,54
2.94659767284334,35.3296839600473,25.3973358611137,0.283,77.9162733681364,413,54
2.87038706735261,37.6395377127302,29.6375727025468,0.215,88.4342277586914,413,26
3.71390864603652,42.2610142443393,28.7548479606685,0.321,111.567877727503,520,26
3.5822589737226,41.3802118029429,28.4223732183257,0.311,106.820380406975,520,36
7.94470723325989,59.2247525077485,26.6377246953524,0.547,219.258406658035,1090,36
7.24889589328532,59.7761449621044,29.0797740893702,0.513,222.539059930847,1090,33
6.7129053238547,55.5408395615372,27.6520963503578,0.499,192.530313585361,936,33
6.29339842484044,57.1736061936318,30.8474400672448,0.463,203.824460438883,936,19
7.59270076649992,60.2161496028971,28.4467419701455,0.525,227.100378152122,1047,19
7.69765639108439,55.9599508350839,24.5961547196376,0.563,195.656125619491,1047,53
4.15248711835233,41.9830942233692,25.3944678775753,0.393,109.92502867836,579,53
4.09566800975446,45.7817494658264,30.4826824498385,0.333,131.062812825848,579,12
3.19494880581748,41.1459211517266,31.739260723322,0.231,105.685093653279,467,12
3.3974437685397,39.2016445407243,26.7720723287139,0.315,96.1579817803425,467,36
6.16891162245717,52.4764186475787,26.5998157262719,0.491,172.423752690852,844,36
5.9755762118752,54.1468913034904,29.5195898402771,0.457,182.944899560265,844,21
3.95842881804727,45.2156075812723,30.6789345392605,0.323,127.557228659841,584,21
4.06608356726303,41.8585319763227,25.6971830393753,0.389,109.301136362608,584,56
4.63237569649442,44.1528423735663,25.2689835593115,0.429,121.612320714133,651,56
4.75215678945188,46.1440006364114,26.6777875719285,0.423,133.193557124046,651,37
7.30205765674771,57.5328253971822,27.3818624293011,0.521,206.298139029838,1027,37
7.04223651599619,60.1897481591739,30.8894894746761,0.491,225.892826498693,1027,15
6.47115849219245,58.5565114014538,31.3933754081766,0.459,213.618497444213,967,15
7.1112066733211,53.9014960392392,24.6486076486214,0.545,181.550890056798,967,53
4.47919371872865,43.1723385942022,24.8317729949739,0.423,116.557453839022,613,53
4.18692486708745,47.1300909470235,31.617785354553,0.327,138.555389622842,613,12
6.01604339767384,56.501166073044,31.5898861357328,0.437,198.855944215072,887,12
6.05504078794694,55.9709452186376,30.8454863204001,0.445,195.16716066325,887,17
3.66432908179827,43.5015601679407,30.8589406042904,0.291,118.108027222031,532,17
3.76649212745269,43.1759899411333,29.6446526943837,0.315,116.40242227568,532,21
3.82530499119019,43.258192685554,29.1651141637324,0.327,116.979299642211,534,21
3.81741889435176,40.7176532070218,26.0197060717912,0.363,103.487883690549,534,49
3.79176978920252,40.8266587349613,26.2668609036956,0.355,103.973270083742,537,49
3.70138158305745,42.7574709479005,29.4834725831431,0.313,114.098027807438,537,28
2.24442092695803,32.865266326825,29.2895559047572,0.111,67.4729828341393,319,28
2.24523961143265,34.0119269183256,31.5191902352134,0.0709999999999996,72.2568686196131,319,11
7.18658883292241,60.8380622504554,31.0670397212163,0.493,230.808523660564,1035,11
7.57197842523102,55.7684822132097,24.8287145706487,0.551,194.124722247162,1035,52
5.78143029801168,50.8384693793806,26.5016875745341,0.477,161.009285961274,849,52
6.180934098011,53.5451131899787,27.5349918625189,0.483,179.467316040295,849,28
3.4635064018682,40.7401424744003,28.7055428395004,0.297,103.644617465984,487,28
3.34943067774863,38.799654084424,26.6403880972716,0.313,93.8759773139608,487,50
5.11783674685179,46.3666134128876,25.1547917372667,0.459,134.362636169682,698,50
4.94359404195066,45.9233080112737,25.6274467431509,0.445,131.566036125496,698,54
6.32347439069598,52.9515605003217,26.2559501657951,0.505,174.617583009766,933,54
6.72589216183339,54.1539944862084,26.3011594356121,0.517,183.049497348107,933,44
4.37326627258066,43.776730061373,26.1502381851186,0.401,119.797996117864,604,44
4.10025721589273,44.501173126506,28.5761921756764,0.359,123.491673694026,604,37
3.30529134766595,39.4547634514833,28.1466976078308,0.289,97.1448160087207,475,37
3.30691764284352,37.8414268944903,25.7923123872468,0.321,89.3369416415011,475,55
6.39051158807629,51.2563014675068,24.7857155176331,0.519,164.041634208658,878,55
6.03779559383333,55.8942498188394,30.9357579660935,0.443,194.618680033515,878,15
6.56197998190115,57.0199094912342,29.6950771194527,0.477,203.186402350639,919,15
6.10444232056812,57.2372801390664,31.6913399720001,0.447,204.269233025505,919,14
6.03824820319817,55.2077832034202,30.2884899252743,0.449,190.222149064428,855,14
5.88736749511772,55.5128052884265,31.4400671663679,0.437,192.236218056766,855,11
5.59157916104492,53.6336418570369,30.8309041620857,0.423,179.516612801631,796,11
5.61902354953985,52.1357520602957,29.0630689776276,0.445,169.624998652234,796,26
6.5599827538011,55.6219665788705,28.2994775866259,0.493,193.337175940107,910,26
6.59361371845061,56.446509415909,28.7893625655603,0.491,199.341831111289,910,18
4.99917073116333,50.0284683854438,29.9690182832085,0.399,156.189008526032,709,18
4.96341467686245,45.6353987961142,25.0639570971997,0.447,129.764232616121,709,60
3.9800007617042,40.71322740079,24.8489668724003,0.387,103.299853354597,563,60
3.94316796701179,43.5030215660343,28.7150214079994,0.339,118.062200103676,563,31
2.19403109251728,31.710028048094,27.7181027594671,0.125,62.9238321315475,301,31
2.14088090065695,30.5080897266243,26.2655308003088,0.137,58.1106244243923,301,48
5.53487452109881,48.7369221690056,25.7488814953588,0.469,148.298687106701,765,48
5.44369957418067,49.0811464469079,26.5757326489682,0.457,150.226765506885,765,45
3.10225723516136,37.1530545178236,26.5902077401014,0.283,86.1210599855481,437,45
3.03200773289815,36.8014685252164,26.6243886860062,0.279,84.5179564686601,437,49
3.16987354470283,37.6052008454286,26.5935259477891,0.295,88.2376102197446,456,49
3.21314492758378,36.9667454089761,25.4128728825317,0.313,85.2789601406083,456,56
2.93668226545746,35.4596600157305,25.504224538153,0.279,78.4564185604673,420,56
2.925561250791,38.0350945143798,29.7102017529693,0.221,90.3124625192872,420,25
4.72046591659242,49.2159954102319,30.286788402186,0.383,151.016666360205,704,25
4.80882831421727,49.6645155529293,30.6120176632587,0.387,153.910184886325,704,20
2.20730528102296,33.1142328276688,30.355455194118,0.0849999999999996,68.4278458070512,313,20
2.19541222501815,33.5720741302834,31.3350272379376,0.0649999999999996,70.351208818733,313,13
4.85350568265081,49.392319296123,29.8343796607299,0.397,152.628713864941,677,13
4.88619786539257,46.8259690861506,26.835178994381,0.425,137.006849516648,677,39
2.44553574493296,32.9553335665396,26.5548396490197,0.195,67.9791748558144,336,39
2.41287280788347,33.1122244294455,27.4954417893593,0.171,68.4734490865715,336,37
4.70737040472221,46.2676239829767,27.2344104646435,0.413,133.689698596639,654,37
4.68438969675545,45.7422452874247,26.749847329763,0.413,130.555774408723,654,42
2.99749639073358,37.1584101593938,27.4712215993742,0.261,86.1630211343851,431,42
3.05324327609443,37.32878236063,27.3233589103248,0.267,86.9118004404672,431,40
5.50323111141878,49.3734843728681,26.5045543317304,0.461,152.399943603309,758,40
5.33086372618332,50.2586305649713,28.4585125092683,0.435,157.563750520385,758,32
6.43452769271635,56.2881768362584,29.1439645950961,0.477,197.268925922623,955,32
6.86721243251905,57.7865598425625,29.0653418885632,0.495,208.978884788183,955,18
2.65661967782657,36.0956914887273,29.4534310233107,0.185,81.4962122945217,368,18
2.61716655533198,33.7298095203607,26.1348065415119,0.227,71.0295363596771,368,49
3.47505033578476,38.8323821499956,25.9205817102722,0.331,94.1001902665187,486,49
3.47717116884452,37.7932917535992,24.6070256291491,0.351,89.1444566572447,486,60
3.65659466256915,38.2074517175743,23.6830680420244,0.379,91.3598024918076,497,60
3.50798832441514,42.0438908138996,30.1083595239325,0.283,110.42681886474,497,17
4.00693752774413,45.4596539682762,30.7782931598891,0.321,128.909638501348,581,17
4.06198917635959,42.1579732122626,26.1358667620838,0.383,110.880736418883,581,52
4.60418495215265,43.7595155900201,24.7469916857135,0.433,119.839540810319,627,52
4.28239146436557,43.5952715111206,26.264733261271,0.399,118.494068973537,627,54
2.78805526352886,34.3728701033547,25.3406429963471,0.261,73.694552560286,391,54
2.75587265590197,37.5717036161527,30.9756077797639,0.177,88.1516753003597,391,13
4.20851169876216,47.5309105685753,31.8231582090445,0.331,140.912810705091,626,13
4.45875809392887,45.5617586236582,27.8447367564067,0.387,129.562413144876,626,34
6.06593287013322,52.6101013908545,27.3841355893462,0.477,172.844002240301,841,34
5.76654520649777,51.1698735778363,27.043550078467,0.475,163.245241494999,841,47
5.22894317254793,47.8946522656586,26.3409708733784,0.451,142.933145253989,734,47
5.23192403489328,47.8752723315669,26.3020576725276,0.449,142.956290952501,734,47
4.01268484672754,42.857713278368,27.1381634206541,0.369,114.543395789695,586,47
4.10705508835423,42.4709148517315,26.1782448061227,0.381,112.39552253476,586,51
5.92244971332159,50.3382968052887,25.7391497309804,0.487,157.831989210948,829,51
5.68086608571057,51.9884871864936,28.3196366323868,0.451,168.380032665372,829,37
5.6971973809464,52.4345640827162,28.5417331488559,0.451,171.239855671942,843,37
6.06120044035765,52.2211596590718,27.0589135800348,0.479,170.106752375977,843,38
2.93488621041581,36.3362323355382,26.8967188236554,0.261,82.528708240421,405,38
2.79448920553196,37.2023995014658,29.5995407742632,0.203,86.3618914254503,405,27
4.5981779956739,47.1881393354895,29.0300872243998,0.387,138.962119808279,652,27
4.60061921863262,46.0885223746105,27.6630833498199,0.399,132.490641520906,652,38
7.76759922200782,57.9778410481141,25.8787965193398,0.555,210.524638360692,1050,38
7.35867640785641,61.2863565097427,30.7399701122736,0.495,234.112916330616,1050,11
5.3295771790638,52.3278830219547,30.8036910528672,0.413,170.933356631715,756,11
5.3578318628087,48.5822139860389,26.4286826666615,0.453,147.156107194742,756,47
5.1630174656263,48.8146426017315,27.2623496224148,0.439,148.482238281965,762,47
5.18343342302509,48.2480412342897,26.5562735348349,0.447,144.995138277777,762,52
6.40734018579923,52.6286167570061,25.9210714784691,0.503,172.377182966871,912,52
6.79631849756953,52.5119219059819,24.1715766809732,0.537,172.750172750512,912,52
3.49144907084466,38.9902937426137,26.0216668529789,0.335,94.8639570327798,497,52
3.54123662811657,42.5432844252399,30.464191744406,0.285,113.181044785695,497,11
6.14207856408275,55.5233548442294,29.8708905007036,0.463,192.836255705035,855,11
5.86052995153922,50.5474142583916,25.8767440195532,0.483,159.03370014653,855,56
3.69383499975819,40.1110570917463,25.837393250216,0.355,100.326374577398,536,56
3.68718198829279,43.9202249799582,31.2361937302283,0.287,120.350208998306,536,14
5.24304382886945,52.0543448320049,30.9657126710819,0.405,169.021535875465,757,14
5.48888471857444,47.9060918391474,25.1141159104577,0.473,143.239614954334,757,53
5.89484508508145,49.4172780676422,24.9138368525817,0.493,152.46016769721,808,53
5.61911992774658,51.4693661841134,28.1725429286428,0.449,164.9867354469,808,36
4.48519216931985,45.1319734617247,27.0890200165077,0.401,127.324587556114,619,36
4.27569469427396,47.5240983429001,31.6265224033403,0.335,140.920004161685,619,10
3.40787959373856,42.7020472394977,31.9994509376365,0.253,113.817862968667,499,10
3.54189992565262,42.2069931354908,29.9682668805171,0.289,111.402431501443,499,16
7.51872783548262,60.6132058057827,29.3603309476789,0.513,229.715224638607,1049,16
7.49190293658713,57.7430768211765,26.9109569135955,0.533,207.586588831387,1049,40
4.73203625949851,46.1273103567073,26.9803672498288,0.417,132.81583444023,659,40
4.76571602384652,45.5090465811411,26.0687157425527,0.429,129.31403844401,659,46
5.35466821385208,47.6603545649787,25.2664914550871,0.471,142.16298857442,725,46
5.14093108065079,51.2799707606584,30.5868843287691,0.405,164.27087425506,725,11
5.76499221458715,54.0208836963553,30.2660191199637,0.441,182.359074744956,808,11
5.69332262916536,53.3234277490992,30.0286954186061,0.439,177.403452720712,808,18
5.6958198288712,54.2501667129817,30.7772758229143,0.429,183.364302111418,835,18
5.76222610275213,53.8742931525559,30.1946665403045,0.443,181.069366781121,835,21
4.6155556316824,47.6991872436612,29.4530353892672,0.381,142.113272108044,651,21
4.75525947195479,45.2472141604463,25.7193369695833,0.433,127.970248528375,651,46
3.04378617994605,37.1163645223871,27.0000754710359,0.275,85.9664063643302,438,46
3.08019585122767,36.8522730656371,26.362964267988,0.285,84.7524314886227,438,49
6.07338975882924,51.3957327785093,26.1211935074043,0.489,164.486140874735,856,49
5.92452262100969,52.4682767915524,27.7444707508963,0.467,171.412593971879,856,40
7.63693097639123,57.4189050096123,25.9578719757367,0.545,206.338487696387,1040,40
7.51483746201327,55.6260422486221,24.9749732308944,0.553,192.897906128047,1040,54
4.12949652044241,42.5086520114461,26.0145948831138,0.385,112.649179423936,596,54
4.0636648472544,44.5986835907178,29.0021797832951,0.347,123.994023247411,596,33
5.84136428848142,51.849869950529,27.6297010909051,0.469,167.969637085803,811,33
5.76478242211569,48.7049455727776,24.7701523915314,0.495,147.92851227787,811,60
7.28632869993877,54.1062222488663,24.3449489498101,0.547,182.433391410824,1012,60
7.30770034922206,58.8015881118174,28.3696171541928,0.515,216.308911036364,1012,23
4.76161996098274,48.7209031622301,29.9085076177621,0.389,148.094996032351,686,23
4.80434980965864,46.5119107663424,26.9848104144702,0.423,134.971249654736,686,45
5.82447037654447,50.2866180227572,26.1018373610391,0.483,157.956079777967,804,45
5.89786573115403,50.8251382709089,26.0406189244817,0.485,161.737318056353,804,40
0,0,0,0,0,0,0
0,0,0,0,0,0,0
0,0,0,0,0,0,0
0,0,0,0,0,0,0
0,0,0,0,0,0,0
0,0,0,0,0,0,0
0,0,0,0,0,0,0
0,0,0,0,0,0,0
0,0,0,0,0,0,0
0,0,0,0,0,0,0
0,0,0,0,0,0,0
0,0,0,0,0,0,0
0,0,0,0,0,0,0
0,0,0,0,0,0,0
0,0,0,0,0,0,0
0,0,0,0,0,0,0
0,0,0,0,0,0,0
0,0,0,0,0,0,0
0,0,0,0,0,0,0
0,0,0,0,0,0,0
0,0,0,0,0,0,0
0,0,0,0,0,0,0
0,0,0,0,0,0,0
0,0,0,0,0,0,0
0,0,0,0,0,0,0
0,0,0,0,0,0,0
0,0,0,0,0,0,0
0,0,0,0,0,0,0
0,0,0,0,0,0,0
0,0,0,0,0,0,0
0,0,0,0,0,0,0
0,0,0,0,0,0,0
0,0,0,0,0,0,0
0,0,0,0,0,0,0
0,0,0,0,0,0,0
0,0,0,0,0,0,0
0,0,0,0,0,0,0
0,0,0,0,0,0,0
0,0,0,0,0,0,0
0,0,0,0,0,0,0
0,0,0,0,0,0,0
0,0,0,0,0,0,0
0,0,0,0,0,0,0
0,0,0,0,0,0,0
0,0,0,0,0,0,0
0,0,0,0,0,0,0
0,0,0,0,0,0,0
0,0,0,0,0,0,0
0,0,0,0,0,0,0
0,0,0,0,0,0,0
0,0,0,0,0,0,0
0,0,0,0,0,0,0
0,0,0,0,0,0,0
0,0,0,0,0,0,0
0,0,0,0,0,0,0
0,0,0,0,0,0,0
0,0,0,0,0,0,0
0,0,0,0,0,0,0
0,0,0,0,0,0,0
0,0,0,0,0,0,0
0,0,0,0,0,0,0
0,0,0,0,0,0,0
0,0,0,0,0,0,0
0,0,0,0,0,0,0
0,0,0,0,0,0,0
0,0,0,0,0,0,0
0,0,0,0,0,0,0
0,0,0,0,0,0,0
0,0,0,0,0,0,0
0,0,0,0,0,0,0
0,0,0,0,0,0,0
0,0,0,0,0,0,0
0,0,0,0,0,0,0
0,0,0,0,0,0,0
0,0,0,0,0,0,0
0,0,0,0,0,0,0
0,0,0,0,0,0,0
0,0,0,0,0,0,0
0,0,0,0,0,0,0
0,0,0,0,0,0,0
0,0,0,0,0,0,0
0,0,0,0,0,0,0
0,0,0,0,0,0,0
0,0,0,0,0,0,0
0,0,0,0,0,0,0
0,0,0,0,0,0,0
0,0,0,0,0,0,0
0,0,0,0,0,0,0
0,0,0,0,0,0,0
0,0,0,0,0,0,0
0,0,0,0,0,0,0
0,0,0,0,0,0,0
0,0,0,0,0,0,0
0,0,0,0,0,0,0
0,0,0,0,0,0,0
0,0,0,0,0,0,0
0,0,0,0,0,0,0
0,0,0,0,0,0,0
0,0,0,0,0,0,0
0,0,0,0,0,0,0
0,0,0,0,0,0,0
0,0,0,0,0,0,0
0,0,0,0,0,0,0
0,0,0,0,0,0,0
0,0,0,0,0,0,0
0,0,0,0,0,0,0
0,0,0,0,0,0,0
0,0,0,0,0,0,0
0,0,0,0,0,0,0
0,0,0,0,0,0,0
0,0,0,0,0,0,0
0,0,0,0,0,0,0
0,0,0,0,0,0,0
0,0,0,0,0,0,0
0,0,0,0,0,0,0
0,0,0,0,0,0,0
0,0,0,0,0,0,0
0,0,0,0,0,0,0
0,0,0,0,0,0,0
0,0,0,0,0,0,0
0,0,0,0,0,0,0
0,0,0,0,0,0,0
0,0,0,0,0,0,0
0,0,0,0,0,0,0
0,0,0,0,0,0,0
0,0,0,0,0,0,0
0,0,0,0,0,0,0
0,0,0,0,0,0,0
0,0,0,0,0,0,0
0,0,0,0,0,0,0
0,0,0,0,0,0,0
0,0,0,0,0,0,0
0,0,0,0,0,0,0
0,0,0,0,0,0,0
0,0,0,0,0,0,0
0,0,0,0,0,0,0
0,0,0,0,0,0,0
0,0,0,0,0,0,0
0,0,0,0,0,0,0
0,0,0,0,0,0,0
0,0,0,0,0,0,0
0,0,0,0,0,0,0
0,0,0,0,0,0,0
0,0,0,0,0,0,0
0,0,0,0,0,0,0
0,0,0,0,0,0,0
0,0,0,0,0,0,0
0,0,0,0,0,0,0
0,0,0,0,0,0,0
0,0,0,0,0,0,0
0,0,0,0,0,0,0
0,0,0,0,0,0,0
0,0,0,0,0,0,0
0,0,0,0,0,0,0
0,0,0,0,0,0,0
0,0,0,0,0,0,0
0,0,0,0,0,0,0
0,0,0,0,0,0,0
0,0,0,0,0,0,0
0,0,0,0,0,0,0
0,0,0,0,0,0,0
0,0,0,0,0,0,0
0,0,0,0,0,0,0
0,0,0,0,0,0,0
0,0,0,0,0,0,0
0,0,0,0,0,0,0
0,0,0,0,0,0,0
0,0,0,0,0,0,0
0,0,0,0,0,0,0
0,0,0,0,0,0,0
0,0,0,0,0,0,0
0,0,0,0,0,0,0
0,0,0,0,0,0,0
0,0,0,0,0,0,0
0,0,0,0,0,0,0
0,0,0,0,0,0,0
0,0,0,0,0,0,0
0,0,0,0,0,0,0
0,0,0,0,0,0,0
0,0,0,0,0,0,0
0,0,0,0,0,0,0
0,0,0,0,0,0,0
0,0,0,0,0,0,0
0,0,0,0,0,0,0
0,0,0,0,0,0,0
0,0,0,0,0,0,0
0,0,0,0,0,0,0
0,0,0,0,0,0,0
0,0,0,0,0,0,0
0,0,0,0,0,0,0
0,0,0,0,0,0,0
0,0,0,0,0,0,0
0,0,0,0,0,0,0
0,0,0,0,0,0,0
0,0,0,0,0,0,0
0,0,0,0,0,0,0
0,0,0,0,0,0,0
0,0,0,0,0,0,0
0,0,0,0,0,0,0
0,0,0,0,0,0,0
0,0,0,0,0,0,0
0,0,0,0,0,0,0
0,0,0,0,0,0,0
0,0,0,0,0,0,0
0,0,0,0,0,0,0
0,0,0,0,0,0,0
0,0,0,0,0,0,0
0,0,0,0,0,0,0
0,0,0,0,0,0,0
0,0,0,0,0,0,0
0,0,0,0,0,0,0
0,0,0,0,0,0,0
0,0,0,0,0,0,0
0,0,0,0,0,0,0
0,0,0,0,0,0,0
0,0,0,0,0,0,0
0,0,0,0,0,0,0
0,0,0,0,0,0,0
0,0,0,0,0,0,0
0,0,0,0,0,0,0
0,0,0,0,0,0,0
0,0,0,0,0,0,0
0,0,0,0,0,0,0
0,0,0,0,0,0,0
0,0,0,0,0,0,0
0,0,0,0,0,0,0
0,0,0,0,0,0,0
0,0,0,0,0,0,0
0,0,0,0,0,0,0
0,0,0,0,0,0,0
0,0,0,0,0,0,0
0,0,0,0,0,0,0
0,0,0,0,0,0,0
0,0,0,0,0,0,0
0,0,0,0,0,0,0
0,0,0,0,0,0,0
0,0,0,0,0,0,0
0,0,0,0,0,0,0
0,0,0,0,0,0,0
0,0,0,0,0,0,0
0,0,0,0,0,0,0
0,0,0,0,0,0,0
0,0,0,0,0,0,0
0,0,0,0,0,0,0
0,0,0,0,0,0,0
0,0,0,0,0,0,0
0,0,0,0,0,0,0
0,0,0,0,0,0,0
0,0,0,0,0,0,0
0,0,0,0,0,0,0
0,0,0,0,0,0,0
0,0,0,0,0,0,0
0,0,0,0,0,0,0
0,0,0,0,0,0,0
0,0,0,0,0,0,0
0,0,0,0,0,0,0
0,0,0,0,0,0,0
0,0,0,0,0,0,0
0,0,0,0,0,0,0
0,0,0,0,0,0,0
0,0,0,0,0,0,0
0,0,0,0,0,0,0
0,0,0,0,0,0,0
0,0,0,0,0,0,0
0,0,0,0,0,0,0
0,0,0,0,0,0,0
0,0,0,0,0,0,0
0,0,0,0,0,0,0
0,0,0,0,0,0,0
0,0,0,0,0,0,0
0,0,0,0,0,0,0
0,0,0,0,0,0,0
0,0,0,0,0,0,0
0,0,0,0,0,0,0
0,0,0,0,0,0,0
0,0,0,0,0,0,0
0,0,0,0,0,0,0
0,0,0,0,0,0,0
0,0,0,0,0,0,0
0,0,0,0,0,0,0
0,0,0,0,0,0,0
0,0,0,0,0,0,0
0,0,0,0,0,0,0
0,0,0,0,0,0,0
0,0,0,0,0,0,0
0,0,0,0,0,0,0
0,0,0,0,0,0,0
0,0,0,0,0,0,0
0,0,0,0,0,0,0
0,0,0,0,0,0,0
0,0,0,0,0,0,0
0,0,0,0,0,0,0
0,0,0,0,0,0,0
0,0,0,0,0,0,0
0,0,0,0,0,0,0
0,0,0,0,0,0,0
0,0,0,0,0,0,0
0,0,0,0,0,0,0
0,0,0,0,0,0,0
0,0,0,0,0,0,0
0,0,0,0,0,0,0
0,0,0,0,0,0,0
0,0,0,0,0,0,0
0,0,0,0,0,0,0
0,0,0,0,0,0,0
0,0,0,0,0,0,0
0,0,0,0,0,0,0
0,0,0,0,0,0,0
0,0,0,0,0,0,0
0,0,0,0,0,0,0
0,0,0,0,0,0,0
0,0,0,0,0,0,0
0,0,0,0,0,0,0
0,0,0,0,0,0,0
0,0,0,0,0,0,0
0,0,0,0,0,0,0
0,0,0,0,0,0,0
0,0,0,0,0,0,0
0,0,0,0,0,0,0
0,0,0,0,0,0,0
0,0,0,0,0,0,0
0,0,0,0,0,0,0
0,0,0,0,0,0,0
0,0,0,0,0,0,0
0,0,0,0,0,0,0
0,0,0,0,0,0,0
0,0,0,0,0,0,0
0,0,0,0,0,0,0
0,0,0,0,0,0,0
0,0,0,0,0,0,0
0,0,0,0,0,0,0
0,0,0,0,0,0,0
0,0,0,0,0,0,0
0,0,0,0,0,0,0
0,0,0,0,0,0,0
0,0,0,0,0,0,0
0,0,0,0,0,0,0
0,0,0,0,0,0,0
0,0,0,0,0,0,0
0,0,0,0,0,0,0
0,0,0,0,0,0,0
0,0,0,0,0,0,0
0,0,0,0,0,0,0
0,0,0,0,0,0,0
0,0,0,0,0,0,0
0,0,0,0,0,0,0
0,0,0,0,0,0,0
0,0,0,0,0,0,0
0,0,0,0,0,0,0
0,0,0,0,0,0,0
0,0,0,0,0,0,0
0,0,0,0,0,0,0
0,0,0,0,0,0,0
0,0,0,0,0,0,0
0,0,0,0,0,0,0
0,0,0,0,0,0,0
0,0,0,0,0,0,0
0,0,0,0,0,0,0
0,0,0,0,0,0,0
0,0,0,0,0,0,0
0,0,0,0,0,0,0
0,0,0,0,0,0,0
0,0,0,0,0,0,0
0,0,0,0,0,0,0
0,0,0,0,0,0,0
0,0,0,0,0,0,0
0,0,0,0,0,0,0
0,0,0,0,0,0,0
0,0,0,0,0,0,0
0,0,0,0,0,0,0
0,0,0,0,0,0,0
0,0,0,0,0,0,0
0,0,0,0,0,0,0
0,0,0,0,0,0,0
0,0,0,0,0,0,0
0,0,0,0,0,0,0
0,0,0,0,0,0,0
0,0,0,0,0,0,0
0,0,0,0,0,0,0
0,0,0,0,0,0,0
0,0,0,0,0,0,0
0,0,0,0,0,0,0
0,0,0,0,0,0,0
0,0,0,0,0,0,0
0,0,0,0,0,0,0
0,0,0,0,0,0,0
0,0,0,0,0,0,0
0,0,0,0,0,0,0
0,0,0,0,0,0,0
0,0,0,0,0,0,0
0,0,0,0,0,0,0
0,0,0,0,0,0,0
0,0,0,0,0,0,0
0,0,0,0,0,0,0
0,0,0,0,0,0,0
0,0,0,0,0,0,0
0,0,0,0,0,0,0
0,0,0,0,0,0,0
0,0,0,0,0,0,0
0,0,0,0,0,0,0
0,0,0,0,0,0,0
0,0,0,0,0,0,0
0,0,0,0,0,0,0
0,0,0,0,0,0,0
0,0,0,0,0,0,0
0,0,0,0,0,0,0
0,0,0,0,0,0,0
0,0,0,0,0,0,0
0,0,0,0,0,0,0
0,0,0,0,0,0,0
0,0,0,0,0,0,0
0,0,0,0,0,0,0
0,0,0,0,0,0,0
0,0,0,0,0,0,0
0,0,0,0,0,0,0
0,0,0,0,0,0,0
0,0,0,0,0,0,0
0,0,0,0,0,0,0
0,0,0,0,0,0,0
0,0,0,0,0,0,0
0,0,0,0,0,0,0
0,0,0,0,0,0,0
0,0,0,0,0,0,0
0,0,0,0,0,0,0
0,0,0,0,0,0,0
0,0,0,0,0,0,0
0,0,0,0,0,0,0
0,0,0,0,0,0,0
0,0,0,0,0,0,0
0,0,0,0,0,0,0
0,0,0,0,0,0,0
0,0,0,0,0,0,0
0,0,0,0,0,0,0
0,0,0,0,0,0,0
0,0,0,0,0,0,0
0,0,0,0,0,0,0
0,0,0,0,0,0,0
0,0,0,0,0,0,0
0,0,0,0,0,0,0
0,0,0,0,0,0,0
0,0,0,0,0,0,0
0,0,0,0,0,0,0
0,0,0,0,0,0,0
0,0,0,0,0,0,0
0,0,0,0,0,0,0
0,0,0,0,0,0,0
0,0,0,0,0,0,0
0,0,0,0,0,0,0
0,0,0,0,0,0,0
0,0,0,0,0,0,0
0,0,0,0,0,0,0
0,0,0,0,0,0,0
0,0,0,0,0,0,0
0,0,0,0,0,0,0
0,0,0,0,0,0,0
0,0,0,0,0,0,0
0,0,0,0,0,0,0
0,0,0,0,0,0,0
0,0,0,0,0,0,0
0,0,0,0,0,0,0
0,0,0,0,0,0,0
0,0,0,0,0,0,0
0,0,0,0,0,0,0
0,0,0,0,0,0,0
0,0,0,0,0,0,0
0,0,0,0,0,0,0
0,0,0,0,0,0,0
0,0,0,0,0,0,0
0,0,0,0,0,0,0
0,0,0,0,0,0,0
0,0,0,0,0,0,0
0,0,0,0,0,0,0
0,0,0,0,0,0,0
0,0,0,0,0,0,0
0,0,0,0,0,0,0
0,0,0,0,0,0,0
0,0,0,0,0,0,0
0,0,0,0,0,0,0
0,0,0,0,0,0,0
0,0,0,0,0,0,0
0,0,0,0,0,0,0
0,0,0,0,0,0,0
0,0,0,0,0,0,0
0,0,0,0,0,0,0
0,0,0,0,0,0,0
0,0,0,0,0,0,0
0,0,0,0,0,0,0
0,0,0,0,0,0,0
0,0,0,0,0,0,0
0,0,0,0,0,0,0
0,0,0,0,0,0,0
0,0,0,0,0,0,0
0,0,0,0,0,0,0
0,0,0,0,0,0,0
0,0,0,0,0,0,0
0,0,0,0,0,0,0
0,0,0,0,0,0,0
0,0,0,0,0,0,0
0,0,0,0,0,0,0
0,0,0,0,0,0,0
0,0,0,0,0,0,0
0,0,0,0,0,0,0
0,0,0,0,0,0,0
0,0,0,0,0,0,0
0,0,0,0,0,0,0
0,0,0,0,0,0,0
0,0,0,0,0,0,0
0,0,0,0,0,0,0
0,0,0,0,0,0,0
0,0,0,0,0,0,0
0,0,0,0,0,0,0
0,0,0,0,0,0,0
0,0,0,0,0,0,0
0,0,0,0,0,0,0
0,0,0,0,0,0,0
0,0,0,0,0,0,0
0,0,0,0,0,0,0
0,0,0,0,0,0,0
0,0,0,0,0,0,0
0,0,0,0,0,0,0
0,0,0,0,0,0,0
0,0,0,0,0,0,0
0,0,0,0,0,0,0
0,0,0,0,0,0,0
0,0,0,0,0,0,0
0,0,0,0,0,0,0
0,0,0,0,0,0,0
0,0,0,0,0,0,0
0,0,0,0,0,0,0
0,0,0,0,0,0,0
0,0,0,0,0,0,0
0,0,0,0,0,0,0
0,0,0,0,0,0,0
0,0,0,0,0,0,0
0,0,0,0,0,0,0
0,0,0,0,0,0,0
0,0,0,0,0,0,0
0,0,0,0,0,0,0
0,0,0,0,0,0,0
0,0,0,0,0,0,0
0,0,0,0,0,0,0
0,0,0,0,0,0,0
0,0,0,0,0,0,0
0,0,0,0,0,0,0
0,0,0,0,0,0,0
0,0,0,0,0,0,0
0,0,0,0,0,0,0
0,0,0,0,0,0,0
0,0,0,0,0,0,0
0,0,0,0,0,0,0
0,0,0,0,0,0,0
0,0,0,0,0,0,0
0,0,0,0,0,0,0
0,0,0,0,0,0,0
0,0,0,0,0,0,0
0,0,0,0,0,0,0
0,0,0,0,0,0,0
0,0,0,0,0,0,0
0,0,0,0,0,0,0
0,0,0,0,0,0,0
0,0,0,0,0,0,0
0,0,0,0,0,0,0
0,0,0,0,0,0,0
0,0,0,0,0,0,0
0,0,0,0,0,0,0
0,0,0,0,0,0,0
0,0,0,0,0,0,0
0,0,0,0,0,0,0
0,0,0,0,0,0,0
0,0,0,0,0,0,0
0,0,0,0,0,0,0
0,0,0,0,0,0,0
0,0,0,0,0,0,0
0,0,0,0,0,0,0
0,0,0,0,0,0,0
0,0,0,0,0,0,0
0,0,0,0,0,0,0
0,0,0,0,0,0,0
0,0,0,0,0,0,0
0,0,0,0,0,0,0
0,0,0,0,0,0,0
0,0,0,0,0,0,0
0,0,0,0,0,0,0
0,0,0,0,0,0,0
0,0,0,0,0,0,0
0,0,0,0,0,0,0
0,0,0,0,0,0,0
0,0,0,0,0,0,0
0,0,0,0,0,0,0
0,0,0,0,0,0,0
0,0,0,0,0,0,0
0,0,0,0,0,0,0
0,0,0,0,0,0,0
0,0,0,0,0,0,0
0,0,0,0,0,0,0
0,0,0,0,0,0,0
0,0,0,0,0,0,0
0,0,0,0,0,0,0
0,0,0,0,0,0,0
0,0,0,0,0,0,0
0,0,0,0,0,0,0
0,0,0,0,0,0,0
0,0,0,0,0,0,0
0,0,0,0,0,0,0
0,0,0,0,0,0,0
0,0,0,0,0,0,0
0,0,0,0,0,0,0
0,0,0,0,0,0,0
0,0,0,0,0,0,0
0,0,0,0,0,0,0
0,0,0,0,0,0,0
0,0,0,0,0,0,0
0,0,0,0,0,0,0
0,0,0,0,0,0,0
0,0,0,0,0,0,0
0,0,0,0,0,0,0
0,0,0,0,0,0,0
0,0,0,0,0,0,0
0,0,0,0,0,0,0
0,0,0,0,0,0,0
0,0,0,0,0,0,0
0,0,0,0,0,0,0
0,0,0,0,0,0,0
0,0,0,0,0,0,0
0,0,0,0,0,0,0
0,0,0,0,0,0,0
0,0,0,0,0,0,0
0,0,0,0,0,0,0
0,0,0,0,0,0,0
0,0,0,0,0,0,0
0,0,0,0,0,0,0
0,0,0,0,0,0,0
0,0,0,0,0,0,0
0,0,0,0,0,0,0
0,0,0,0,0,0,0
0,0,0,0,0,0,0
0,0,0,0,0,0,0
0,0,0,0,0,0,0
0,0,0,0,0,0,0
0,0,0,0,0,0,0
0,0,0,0,0,0,0
0,0,0,0,0,0,0
0,0,0,0,0,0,0
0,0,0,0,0,0,0
0,0,0,0,0,0,0
0,0,0,0,0,0,0
0,0,0,0,0,0,0
0,0,0,0,0,0,0
0,0,0,0,0,0,0
0,0,0,0,0,0,0
0,0,0,0,0,0,0
0,0,0,0,0,0,0
0,0,0,0,0,0,0
0,0,0,0,0,0,0
0,0,0,0,0,0,0
0,0,0,0,0,0,0
0,0,0,0,0,0,0
0,0,0,0,0,0,0
0,0,0,0,0,0,0
0,0,0,0,0,0,0
0,0,0,0,0,0,0
0,0,0,0,0,0,0
0,0,0,0,0,0,0
0,0,0,0,0,0,0
0,0,0,0,0,0,0
0,0,0,0,0,0,0
0,0,0,0,0,0,0
0,0,0,0,0,0,0
0,0,0,0,0,0,0
0,0,0,0,0,0,0
0,0,0,0,0,0,0
0,0,0,0,0,0,0
0,0,0,0,0,0,0
0,0,0,0,0,0,0
0,0,0,0,0,0,0
0,0,0,0,0,0,0
0,0,0,0,0,0,0
0,0,0,0,0,0,0
0,0,0,0,0,0,0
0,0,0,0,0,0,0
0,0,0,0,0,0,0
0,0,0,0,0,0,0
0,0,0,0,0,0,0
0,0,0,0,0,0,0
0,0,0,0,0,0,0
0,0,0,0,0,0,0
0,0,0,0,0,0,0
0,0,0,0,0,0,0
0,0,0,0,0,0,0
0,0,0,0,0,0,0
0,0,0,0,0,0,0
0,0,0,0,0,0,0
0,0,0,0,0,0,0
0,0,0,0,0,0,0
0,0,0,0,0,0,0
0,0,0,0,0,0,0
0,0,0,0,0,0,0
0,0,0,0,0,0,0
0,0,0,0,0,0,0
0,0,0,0,0,0,0
0,0,0,0,0,0,0
0,0,0,0,0,0,0
0,0,0,0,0,0,0
0,0,0,0,0,0,0
0,0,0,0,0,0,0
0,0,0,0,0,0,0
0,0,0,0,0,0,0
0,0,0,0,0,0,0
0,0,0,0,0,0,0
0,0,0,0,0,0,0
0,0,0,0,0,0,0
0,0,0,0,0,0,0
0,0,0,0,0,0,0
0,0,0,0,0,0,0
0,0,0,0,0,0,0
0,0,0,0,0,0,0
0,0,0,0,0,0,0
0,0,0,0,0,0,0
0,0,0,0,0,0,0
0,0,0,0,0,0,0
0,0,0,0,0,0,0
0,0,0,0,0,0,0
0,0,0,0,0,0,0
0,0,0,0,0,0,0
0,0,0,0,0,0,0
0,0,0,0,0,0,0
0,0,0,0,0,0,0
0,0,0,0,0,0,0
0,0,0,0,0,0,0
0,0,0,0,0,0,0
0,0,0,0,0,0,0
0,0,0,0,0,0,0
0,0,0,0,0,0,0
0,0,0,0,0,0,0
0,0,0,0,0,0,0
0,0,0,0,0,0,0
0,0,0,0,0,0,0
0,0,0,0,0,0,0
0,0,0,0,0,0,0
0,0,0,0,0,0,0
0,0,0,0,0,0,0
0,0,0,0,0,0,0
0,0,0,0,0,0,0
0,0,0,0,0,0,0
0,0,0,0,0,0,0
0,0,0,0,0,0,0
0,0,0,0,0,0,0
0,0,0,0,0,0,0
0,0,0,0,0,0,0
0,0,0,0,0,0,0
0,0,0,0,0,0,0
0,0,0,0,0,0,0
0,0,0,0,0,0,0
0,0,0,0,0,0,0
0,0,0,0,0,0,0
0,0,0,0,0,0,0
0,0,0,0,0,0,0
0,0,0,0,0,0,0
0,0,0,0,0,0,0
0,0,0,0,0,0,0
0,0,0,0,0,0,0
0,0,0,0,0,0,0
0,0,0,0,0,0,0
0,0,0,0,0,0,0
0,0,0,0,0,0,0
0,0,0,0,0,0,0
0,0,0,0,0,0,0
0,0,0,0,0,0,0
0,0,0,0,0,0,0
0,0,0,0,0,0,0
0,0,0,0,0,0,0
0,0,0,0,0,0,0
0,0,0,0,0,0,0
0,0,0,0,0,0,0
0,0,0,0,0,0,0
0,0,0,0,0,0,0
0,0,0,0,0,0,0
0,0,0,0,0,0,0
0,0,0,0,0,0,0
0,0,0,0,0,0,0
0,0,0,0,0,0,0
0,0,0,0,0,0,0
0,0,0,0,0,0,0
0,0,0,0,0,0,0
0,0,0,0,0,0,0
0,0,0,0,0,0,0
0,0,0,0,0,0,0
0,0,0,0,0,0,0
0,0,0,0,0,0,0
0,0,0,0,0,0,0
0,0,0,0,0,0,0
0,0,0,0,0,0,0
0,0,0,0,0,0,0
0,0,0,0,0,0,0
0,0,0,0,0,0,0
0,0,0,0,0,0,0
0,0,0,0,0,0,0
0,0,0,0,0,0,0
0,0,0,0,0,0,0
0,0,0,0,0,0,0
0,0,0,0,0,0,0
0,0,0,0,0,0,0
0,0,0,0,0,0,0
0,0,0,0,0,0,0
0,0,0,0,0,0,0
0,0,0,0,0,0,0
0,0,0,0,0,0,0
0,0,0,0,0,0,0
0,0,0,0,0,0,0
0,0,0,0,0,0,0
0,0,0,0,0,0,0
0,0,0,0,0,0,0
0,0,0,0,0,0,0
0,0,0,0,0,0,0
0,0,0,0,0,0,0
0,0,0,0,0,0,0
0,0,0,0,0,0,0
0,0,0,0,0,0,0
0,0,0,0,0,0,0
0,0,0,0,0,0,0
0,0,0,0,0,0,0
0,0,0,0,0,0,0
0,0,0,0,0,0,0
0,0,0,0,0,0,0
0,0,0,0,0,0,0
0,0,0,0,0,0,0
0,0,0,0,0,0,0
0,0,0,0,0,0,0
0,0,0,0,0,0,0
0,0,0,0,0,0,0
0,0,0,0,0,0,0
0,0,0,0,0,0,0
0,0,0,0,0,0,0
0,0,0,0,0,0,0
0,0,0,0,0,0,0
0,0,0,0,0,0,0
0,0,0,0,0,0,0
0,0,0,0,0,0,0
0,0,0,0,0,0,0
0,0,0,0,0,0,0
0,0,0,0,0,0,0
0,0,0,0,0,0,0
0,0,0,0,0,0,0
0,0,0,0,0,0,0
0,0,0,0,0,0,0
0,0,0,0,0,0,0
0,0,0,0,0,0,0
0,0,0,0,0,0,0
0,0,0,0,0,0,0
0,0,0,0,0,0,0
0,0,0,0,0,0,0
0,0,0,0,0,0,0
0,0,0,0,0,0,0
0,0,0,0,0,0,0
0,0,0,0,0,0,0
0,0,0,0,0,0,0
0,0,0,0,0,0,0
0,0,0,0,0,0,0
0,0,0,0,0,0,0
0,0,0,0,0,0,0
0,0,0,0,0,0,0
0,0,0,0,0,0,0
0,0,0,0,0,0,0
0,0,0,0,0,0,0
0,0,0,0,0,0,0
0,0,0,0,0,0,0
0,0,0,0,0,0,0
0,0,0,0,0,0,0
0,0,0,0,0,0,0
0,0,0,0,0,0,0
0,0,0,0,0,0,0
0,0,0,0,0,0,0
0,0,0,0,0,0,0
0,0,0,0,0,0,0
0,0,0,0,0,0,0
0,0,0,0,0,0,0
0,0,0,0,0,0,0
0,0,0,0,0,0,0
0,0,0,0,0,0,0
0,0,0,0,0,0,0
0,0,0,0,0,0,0
0,0,0,0,0,0,0
0,0,0,0,0,0,0
0,0,0,0,0,0,0
0,0,0,0,0,0,0
0,0,0,0,0,0,0
0,0,0,0,0,0,0
0,0,0,0,0,0,0
0,0,0,0,0,0,0
0,0,0,0,0,0,0
0,0,0,0,0,0,0
0,0,0,0,0,0,0
0,0,0,0,0,0,0
0,0,0,0,0,0,0
0,0,0,0,0,0,0
0,0,0,0,0,0,0
0,0,0,0,0,0,0
0,0,0,0,0,0,0
0,0,0,0,0,0,0
0,0,0,0,0,0,0
0,0,0,0,0,0,0
0,0,0,0,0,0,0
0,0,0,0,0,0,0
0,0,0,0,0,0,0
0,0,0,0,0,0,0
0,0,0,0,0,0,0
0,0,0,0,0,0,0
0,0,0,0,0,0,0
0,0,0,0,0,0,0
0,0,0,0,0,0,0
0,0,0,0,0,0,0
0,0,0,0,0,0,0
0,0,0,0,0,0,0
0,0,0,0,0,0,0
0,0,0,0,0,0,0
0,0,0,0,0,0,0
0,0,0,0,0,0,0
0,0,0,0,0,0,0
0,0,0,0,0,0,0
0,0,0,0,0,0,0
0,0,0,0,0,0,0
0,0,0,0,0,0,0
0,0,0,0,0,0,0
0,0,0,0,0,0,0
0,0,0,0,0,0,0
0,0,0,0,0,0,0
0,0,0,0,0,0,0
0,0,0,0,0,0,0
0,0,0,0,0,0,0
0,0,0,0,0,0,0
0,0,0,0,0,0,0
0,0,0,0,0,0,0
0,0,0,0,0,0,0
0,0,0,0,0,0,0
0,0,0,0,0,0,0
0,0,0,0,0,0,0
0,0,0,0,0,0,0
0,0,0,0,0,0,0
0,0,0,0,0,0,0
0,0,0,0,0,0,0
0,0,0,0,0,0,0
0,0,0,0,0,0,0
0,0,0,0,0,0,0
0,0,0,0,0,0,0
0,0,0,0,0,0,0
0,0,0,0,0,0,0
0,0,0,0,0,0,0
0,0,0,0,0,0,0
0,0,0,0,0,0,0
0,0,0,0,0,0,0
0,0,0,0,0,0,0
0,0,0,0,0,0,0
0,0,0,0,0,0,0
0,0,0,0,0,0,0
0,0,0,0,0,0,0
0,0,0,0,0,0,0
0,0,0,0,0,0,0
0,0,0,0,0,0,0
0,0,0,0,0,0,0
0,0,0,0,0,0,0
0,0,0,0,0,0,0
0,0,0,0,0,0,0
0,0,0,0,0,0,0
0,0,0,0,0,0,0
0,0,0,0,0,0,0
0,0,0,0,0,0,0
0,0,0,0,0,0,0
0,0,0,0,0,0,0
0,0,0,0,0,0,0
0,0,0,0,0,0,0
0,0,0,0,0,0,0
0,0,0,0,0,0,0
0,0,0,0,0,0,0
0,0,0,0,0,0,0
0,0,0,0,0,0,0
0,0,0,0,0,0,0
0,0,0,0,0,0,0
0,0,0,0,0,0,0
0,0,0,0,0,0,0
0,0,0,0,0,0,0
0,0,0,0,0,0,0
0,0,0,0,0,0,0
0,0,0,0,0,0,0
0,0,0,0,0,0,0
0,0,0,0,0,0,0
0,0,0,0,0,0,0
0,0,0,0,0,0,0
0,0,0,0,0,0,0
0,0,0,0,0,0,0
0,0,0,0,0,0,0
0,0,0,0,0,0,0
0,0,0,0,0,0,0
0,0,0,0,0,0,0
0,0,0,0,0,0,0
0,0,0,0,0,0,0
0,0,0,0,0,0,0
0,0,0,0,0,0,0
0,0,0,0,0,0,0
0,0,0,0,0,0,0
0,0,0,0,0,0,0
